5139,2020-05-22 17:12:56.552,2020-05-22 17:20:15.694,大溪-動態TOD(慈康陸橋_主控群組),大溪-動態TOD(慈康陸橋_主控群組)-056 測試反應計畫,056,cctv088,候隊,浮水印測試,0,2020-05-22 17:19:20,反應計畫測試_CCTV浮水印,05,測試反應計畫,自動
5118,2020-05-19 16:51:14.989,2020-05-19 16:53:25.321,大溪-交通疏導策略(替代道路路徑導引),大溪-交通疏導策略(替代道路路徑導引)-034 替代路徑導引(導三元一街),034,cctv112,候隊,前往大溪老街，經崎頂極壅塞，請走三元一街,0,2020-05-22 18:29:19,大溪疏導策略-替代路徑導引(三元一街),09,替代路徑導引(導三元一街),自動
5118,2020-05-19 16:51:14.987,2020-05-19 16:53:25.321,大溪-交通疏導策略(替代道路路徑導引),大溪-交通疏導策略(替代道路路徑導引)-034 替代路徑導引(導三元一街),034,cctv016,候隊,前往大溪老街，經崎頂極壅塞，請走三元一街,0,2020-05-22 18:29:19,大溪疏導策略-替代路徑導引(三元一街),09,替代路徑導引(導三元一街),自動
5118,2020-05-19 16:51:14.986,2020-05-19 16:53:25.321,大溪-交通疏導策略(替代道路路徑導引),大溪-交通疏導策略(替代道路路徑導引)-034 替代路徑導引(導三元一街),034,X502620,候隊,前往大溪老街  經崎頂極度壅塞請走三元一街,0,2020-05-22 18:29:19,大溪疏導策略-替代路徑導引(三元一街),09,替代路徑導引(導三元一街),自動
5118,2020-05-19 16:51:14.903,2020-05-19 16:53:25.321,大溪-交通疏導策略(替代道路路徑導引),大溪-交通疏導策略(替代道路路徑導引)-034 替代路徑導引(導三元一街),034,X-68000-104,候隊,前往大溪老街經崎頂極壅塞請走三元一街,0,2020-05-22 18:29:19,大溪疏導策略-替代路徑導引(三元一街),09,替代路徑導引(導三元一街),自動
5116,2020-05-19 12:00:34.881,2020-05-20 02:54:43.943,大溪-交通疏導策略(進入大溪),大溪-交通疏導策略(進入大溪)-038 停車資訊發布,038,X510720,候隊,月眉停車場    橋頭停車場    皆有空位,0,2020-05-22 18:29:19,月眉&gt;0，橋頭&gt;0,12,停車資訊發布,自動
5117,2020-05-19 12:00:34.88,2020-05-19 12:09:31.42,大溪-交通疏導策略(進入大溪),大溪-交通疏導策略(進入大溪)-040 停車導引(導往橋頭),040,X510720,候隊,月眉停車場已滿橋頭停車場    尚有格位,0,2020-05-22 18:29:19,月眉&lt;0，橋頭&gt;0,12,停車導引(導往橋頭),自動
5116,2020-05-19 12:00:34.879,2020-05-20 02:54:43.943,大溪-交通疏導策略(進入大溪),大溪-交通疏導策略(進入大溪)-038 停車資訊發布,038,X505010,候隊,月眉停車場    橋頭停車場    皆有空位,0,2020-05-22 18:29:19,月眉&gt;0，橋頭&gt;0,12,停車資訊發布,自動
5117,2020-05-19 12:00:34.879,2020-05-19 12:09:31.42,大溪-交通疏導策略(進入大溪),大溪-交通疏導策略(進入大溪)-040 停車導引(導往橋頭),040,X505010,候隊,月眉停車場已滿橋頭停車場    尚有格位,0,2020-05-22 18:29:19,月眉&lt;0，橋頭&gt;0,12,停車導引(導往橋頭),自動
5117,2020-05-19 12:00:34.878,2020-05-19 12:09:31.42,大溪-交通疏導策略(進入大溪),大溪-交通疏導策略(進入大溪)-040 停車導引(導往橋頭),040,X501040,候隊,月眉P 滿橋頭P 空,0,2020-05-22 18:29:19,月眉&lt;0，橋頭&gt;0,12,停車導引(導往橋頭),自動
5116,2020-05-19 12:00:34.878,2020-05-20 02:54:43.943,大溪-交通疏導策略(進入大溪),大溪-交通疏導策略(進入大溪)-038 停車資訊發布,038,X501040,候隊,月眉P   橋頭P   皆有空位,0,2020-05-22 18:29:19,月眉&gt;0，橋頭&gt;0,12,停車資訊發布,自動
5117,2020-05-19 12:00:34.876,2020-05-19 12:09:31.42,大溪-交通疏導策略(進入大溪),大溪-交通疏導策略(進入大溪)-040 停車導引(導往橋頭),040,X-68000-104,候隊,月眉P 已滿  橋頭P 未滿,0,2020-05-22 18:29:19,月眉&lt;0，橋頭&gt;0,12,停車導引(導往橋頭),自動
5140,2020-05-22 17:24:33.109,2020-05-22 17:34:31.418,大溪-動態TOD(慈康陸橋_主控群組),大溪-動態TOD(慈康陸橋_主控群組)-056 測試反應計畫,056,cctv088,候隊,浮水印測試,0,2020-05-22 17:24:42,反應計畫測試_CCTV浮水印,05,測試反應計畫,自動
5116,2020-05-19 12:00:34.876,2020-05-20 02:54:43.943,大溪-交通疏導策略(進入大溪),大溪-交通疏導策略(進入大溪)-038 停車資訊發布,038,X-68000-104,候隊,月眉停車場  橋頭停車場  皆有空位,0,2020-05-22 18:29:19,月眉&gt;0，橋頭&gt;0,12,停車資訊發布,自動
5116,2020-05-19 12:00:34.875,2020-05-20 02:54:43.943,大溪-交通疏導策略(進入大溪),大溪-交通疏導策略(進入大溪)-038 停車資訊發布,038,X-68000-102,候隊,月眉停車場  橋頭停車場  皆有空位,0,2020-05-22 18:29:19,月眉&gt;0，橋頭&gt;0,12,停車資訊發布,自動
5117,2020-05-19 12:00:34.874,2020-05-19 12:09:31.42,大溪-交通疏導策略(進入大溪),大溪-交通疏導策略(進入大溪)-040 停車導引(導往橋頭),040,X-68000-102,候隊,月眉P 已滿  橋頭P 未滿,0,2020-05-22 18:29:19,月眉&lt;0，橋頭&gt;0,12,停車導引(導往橋頭),自動
5143,2020-05-22 17:37:32.391,2020-05-22 17:41:32.555,大溪-動態TOD(慈康陸橋_主控群組),大溪-動態TOD(慈康陸橋_主控群組)-056 測試反應計畫,056,cctv088,候隊,浮水印測試,0,2020-05-22 17:38:16,反應計畫測試_CCTV浮水印,05,測試反應計畫,自動
5116,2020-05-19 12:00:34.757,2020-05-20 02:54:43.943,大溪-交通疏導策略(進入大溪),大溪-交通疏導策略(進入大溪)-038 停車資訊發布,038,X-68000-101,候隊,月眉停車場  橋頭停車場  皆有空位,0,2020-05-22 18:29:19,月眉&gt;0，橋頭&gt;0,12,停車資訊發布,自動
5117,2020-05-19 12:00:34.712,2020-05-19 12:09:31.42,大溪-交通疏導策略(進入大溪),大溪-交通疏導策略(進入大溪)-040 停車導引(導往橋頭),040,X-68000-101,候隊,月眉P 已滿  橋頭P 未滿,0,2020-05-22 18:29:19,月眉&lt;0，橋頭&gt;0,12,停車導引(導往橋頭),自動
5113,2020-05-18 18:12:43.153,2020-05-19 09:45:40.072,大溪-動態TOD(慈康陸橋_主控群組),大溪-動態TOD(慈康陸橋_主控群組)-056 測試反應計畫,056,cctv088,候隊,浮水印測試,0,2020-05-22 18:29:19,反應計畫測試_CCTV浮水印,05,測試反應計畫,自動
5109,2020-05-17 22:03:56.856,2020-05-18 18:12:29.749,大溪-動態TOD(慈康陸橋_主控群組),大溪-動態TOD(慈康陸橋_主控群組)-056 測試反應計畫,056,cctv088,候隊,浮水印測試,0,2020-05-22 18:29:19,反應計畫測試_CCTV浮水印,05,測試反應計畫,自動
5106,2020-05-17 21:45:42.619,2020-05-17 21:55:17.405,大溪-動態TOD(慈康陸橋_主控群組),大溪-動態TOD(慈康陸橋_主控群組)-056 測試反應計畫,056,cctv084,候隊,測試浮水印,0,2020-05-22 18:29:19,反應計畫測試_CCTV浮水印,05,測試反應計畫,自動
5091,2020-05-14 22:22:37.305,2020-05-14 22:23:03.148,大溪-交通疏導策略(替代道路路徑導引),大溪-交通疏導策略(替代道路路徑導引)-034 替代路徑導引(導三元一街),034,T502460,候隊,前往大溪老街，經崎頂極壅塞，請走三元一街,0,2020-05-22 18:29:19,大溪疏導策略-替代路徑導引(三元一街),09,替代路徑導引(導三元一街),自動
5091,2020-05-14 22:22:37.304,2020-05-14 22:23:03.148,大溪-交通疏導策略(替代道路路徑導引),大溪-交通疏導策略(替代道路路徑導引)-034 替代路徑導引(導三元一街),034,T502070,候隊,前往大溪老街，經崎頂極壅塞，請走三元一街,0,2020-05-22 18:29:19,大溪疏導策略-替代路徑導引(三元一街),09,替代路徑導引(導三元一街),自動
5144,2020-05-22 17:44:31.715,2020-05-22 17:49:35.578,大溪-動態TOD(慈康陸橋_主控群組),大溪-動態TOD(慈康陸橋_主控群組)-056 測試反應計畫,056,cctv088,候隊,浮水印測試,0,2020-05-22 17:45:17,反應計畫測試_CCTV浮水印,05,測試反應計畫,自動
5091,2020-05-14 22:22:37.302,2020-05-14 22:23:03.148,大溪-交通疏導策略(替代道路路徑導引),大溪-交通疏導策略(替代道路路徑導引)-034 替代路徑導引(導三元一街),034,X502620,候隊,前往大溪老街  經崎頂極度壅塞請走三元一街,0,2020-05-22 18:29:19,大溪疏導策略-替代路徑導引(三元一街),09,替代路徑導引(導三元一街),自動
5091,2020-05-14 22:22:37.185,2020-05-14 22:23:03.148,大溪-交通疏導策略(替代道路路徑導引),大溪-交通疏導策略(替代道路路徑導引)-034 替代路徑導引(導三元一街),034,X-68000-104,候隊,前往大溪老街經崎頂極壅塞請走三元一街,0,2020-05-22 18:29:19,大溪疏導策略-替代路徑導引(三元一街),09,替代路徑導引(導三元一街),自動
5090,2020-05-14 21:08:42.137,2020-05-14 21:11:56.86,大溪-交通疏導策略(替代道路路徑導引),大溪-交通疏導策略(替代道路路徑導引)-034 替代路徑導引(導三元一街),034,T502460,候隊,前往大溪老街，經崎頂極壅塞，請走三元一街,0,2020-05-22 18:29:19,大溪疏導策略-替代路徑導引(三元一街),09,替代路徑導引(導三元一街),自動
5090,2020-05-14 21:08:42.136,2020-05-14 21:11:56.86,大溪-交通疏導策略(替代道路路徑導引),大溪-交通疏導策略(替代道路路徑導引)-034 替代路徑導引(導三元一街),034,T502070,候隊,前往大溪老街，經崎頂極壅塞，請走三元一街,0,2020-05-22 18:29:19,大溪疏導策略-替代路徑導引(三元一街),09,替代路徑導引(導三元一街),自動
5090,2020-05-14 21:08:42.134,2020-05-14 21:11:56.86,大溪-交通疏導策略(替代道路路徑導引),大溪-交通疏導策略(替代道路路徑導引)-034 替代路徑導引(導三元一街),034,X502620,候隊,前往大溪老街  經崎頂極度壅塞請走三元一街,0,2020-05-22 18:29:19,大溪疏導策略-替代路徑導引(三元一街),09,替代路徑導引(導三元一街),自動
5090,2020-05-14 21:08:42.074,2020-05-14 21:11:56.86,大溪-交通疏導策略(替代道路路徑導引),大溪-交通疏導策略(替代道路路徑導引)-034 替代路徑導引(導三元一街),034,X-68000-104,候隊,前往大溪老街經崎頂極壅塞請走三元一街,0,2020-05-22 18:29:19,大溪疏導策略-替代路徑導引(三元一街),09,替代路徑導引(導三元一街),自動
5087,2020-05-14 00:06:02.392,2020-05-14 00:11:31.096,大溪-動態TOD(慈康陸橋_配合群組),大溪-動態TOD(慈康陸橋_配合群組)-006 平日離峰(1-1)：週期不變，調整時比(1),006,S507100,候隊,38,0,2020-05-22 18:29:19,平日離峰：週期不變，調整時比(主要時相達門檻),06,01平日離峰(1-1)：週期不變，調整時比(1),自動
5087,2020-05-14 00:06:02.279,2020-05-14 00:11:31.096,大溪-動態TOD(慈康陸橋_配合群組),大溪-動態TOD(慈康陸橋_配合群組)-006 平日離峰(1-1)：週期不變，調整時比(1),006,S506900,候隊,38,0,2020-05-22 18:29:19,平日離峰：週期不變，調整時比(主要時相達門檻),06,01平日離峰(1-1)：週期不變，調整時比(1),自動
5087,2020-05-14 00:06:02.277,2020-05-14 00:11:31.096,大溪-動態TOD(慈康陸橋_配合群組),大溪-動態TOD(慈康陸橋_配合群組)-006 平日離峰(1-1)：週期不變，調整時比(1),006,S506800,候隊,38,0,2020-05-22 18:29:19,平日離峰：週期不變，調整時比(主要時相達門檻),06,01平日離峰(1-1)：週期不變，調整時比(1),自動
5087,2020-05-14 00:06:02.222,2020-05-14 00:11:31.096,大溪-動態TOD(慈康陸橋_配合群組),大溪-動態TOD(慈康陸橋_配合群組)-006 平日離峰(1-1)：週期不變，調整時比(1),006,S506700,候隊,38,0,2020-05-22 18:29:19,平日離峰：週期不變，調整時比(主要時相達門檻),06,01平日離峰(1-1)：週期不變，調整時比(1),自動
5085,2020-05-14 00:00:56.808,2020-05-14 00:10:32.025,大溪-動態TOD(崎頂),大溪-動態TOD(崎頂)-003 平假日離峰(1-1)：週期不變，調整時比(1),003,S521600,候隊,38,0,2020-05-22 18:29:19,平假日離峰：週期不變，調整時比(主要時相達門檻),03,01平假日離峰(1-1)：週期不變，調整時比(1),自動
5085,2020-05-14 00:00:56.806,2020-05-14 00:10:32.025,大溪-動態TOD(崎頂),大溪-動態TOD(崎頂)-003 平假日離峰(1-1)：週期不變，調整時比(1),003,S521200,候隊,38,0,2020-05-22 18:29:19,平假日離峰：週期不變，調整時比(主要時相達門檻),03,01平假日離峰(1-1)：週期不變，調整時比(1),自動
5085,2020-05-14 00:00:56.805,2020-05-14 00:10:32.025,大溪-動態TOD(崎頂),大溪-動態TOD(崎頂)-003 平假日離峰(1-1)：週期不變，調整時比(1),003,S501500,候隊,38,0,2020-05-22 18:29:19,平假日離峰：週期不變，調整時比(主要時相達門檻),03,01平假日離峰(1-1)：週期不變，調整時比(1),自動
5086,2020-05-14 00:00:56.804,2020-05-14 00:05:22.694,大溪-動態TOD(慈康陸橋_配合群組),大溪-動態TOD(慈康陸橋_配合群組)-006 平日離峰(1-1)：週期不變，調整時比(1),006,S507100,候隊,38,0,2020-05-22 18:29:19,平日離峰：週期不變，調整時比(主要時相達門檻),06,01平日離峰(1-1)：週期不變，調整時比(1),自動
5085,2020-05-14 00:00:56.803,2020-05-14 00:10:32.025,大溪-動態TOD(崎頂),大溪-動態TOD(崎頂)-003 平假日離峰(1-1)：週期不變，調整時比(1),003,S501400,候隊,38,0,2020-05-22 18:29:19,平假日離峰：週期不變，調整時比(主要時相達門檻),03,01平假日離峰(1-1)：週期不變，調整時比(1),自動
5086,2020-05-14 00:00:56.803,2020-05-14 00:05:22.694,大溪-動態TOD(慈康陸橋_配合群組),大溪-動態TOD(慈康陸橋_配合群組)-006 平日離峰(1-1)：週期不變，調整時比(1),006,S506900,候隊,38,0,2020-05-22 18:29:19,平日離峰：週期不變，調整時比(主要時相達門檻),06,01平日離峰(1-1)：週期不變，調整時比(1),自動
5086,2020-05-14 00:00:56.775,2020-05-14 00:05:22.694,大溪-動態TOD(慈康陸橋_配合群組),大溪-動態TOD(慈康陸橋_配合群組)-006 平日離峰(1-1)：週期不變，調整時比(1),006,S506800,候隊,38,0,2020-05-22 18:29:19,平日離峰：週期不變，調整時比(主要時相達門檻),06,01平日離峰(1-1)：週期不變，調整時比(1),自動
5085,2020-05-14 00:00:56.762,2020-05-14 00:10:32.025,大溪-動態TOD(崎頂),大溪-動態TOD(崎頂)-003 平假日離峰(1-1)：週期不變，調整時比(1),003,S501300,候隊,38,0,2020-05-22 18:29:19,平假日離峰：週期不變，調整時比(主要時相達門檻),03,01平假日離峰(1-1)：週期不變，調整時比(1),自動
5086,2020-05-14 00:00:56.74,2020-05-14 00:05:22.694,大溪-動態TOD(慈康陸橋_配合群組),大溪-動態TOD(慈康陸橋_配合群組)-006 平日離峰(1-1)：週期不變，調整時比(1),006,S506700,候隊,38,0,2020-05-22 18:29:19,平日離峰：週期不變，調整時比(主要時相達門檻),06,01平日離峰(1-1)：週期不變，調整時比(1),自動
5084,2020-05-13 23:59:20.269,2020-05-14 00:00:31.615,大溪-動態TOD(慈康陸橋_主控群組),大溪-動態TOD(慈康陸橋_主控群組)-023 平日尖峰(3-1)：週期不變，調整時比(1),023,S523400,候隊,41,0,2020-05-22 18:29:19,平日尖峰：週期不變，調整時比(主要時相達門檻),05,07平日尖峰(3-1)：週期不變，調整時比(1),自動
5084,2020-05-13 23:59:20.268,2020-05-14 00:00:31.615,大溪-動態TOD(慈康陸橋_主控群組),大溪-動態TOD(慈康陸橋_主控群組)-023 平日尖峰(3-1)：週期不變，調整時比(1),023,S506600,候隊,41,0,2020-05-22 18:29:19,平日尖峰：週期不變，調整時比(主要時相達門檻),05,07平日尖峰(3-1)：週期不變，調整時比(1),自動
5084,2020-05-13 23:59:20.267,2020-05-14 00:00:31.615,大溪-動態TOD(慈康陸橋_主控群組),大溪-動態TOD(慈康陸橋_主控群組)-023 平日尖峰(3-1)：週期不變，調整時比(1),023,S505700,候隊,41,0,2020-05-22 18:29:19,平日尖峰：週期不變，調整時比(主要時相達門檻),05,07平日尖峰(3-1)：週期不變，調整時比(1),自動
5084,2020-05-13 23:59:20.265,2020-05-14 00:00:31.615,大溪-動態TOD(慈康陸橋_主控群組),大溪-動態TOD(慈康陸橋_主控群組)-023 平日尖峰(3-1)：週期不變，調整時比(1),023,S505600,候隊,41,0,2020-05-22 18:29:19,平日尖峰：週期不變，調整時比(主要時相達門檻),05,07平日尖峰(3-1)：週期不變，調整時比(1),自動
5084,2020-05-13 23:59:20.264,2020-05-14 00:00:31.615,大溪-動態TOD(慈康陸橋_主控群組),大溪-動態TOD(慈康陸橋_主控群組)-023 平日尖峰(3-1)：週期不變，調整時比(1),023,S505500,候隊,41,0,2020-05-22 18:29:19,平日尖峰：週期不變，調整時比(主要時相達門檻),05,07平日尖峰(3-1)：週期不變，調整時比(1),自動
5084,2020-05-13 23:59:20.222,2020-05-14 00:00:31.615,大溪-動態TOD(慈康陸橋_主控群組),大溪-動態TOD(慈康陸橋_主控群組)-023 平日尖峰(3-1)：週期不變，調整時比(1),023,S505400,候隊,41,0,2020-05-22 18:29:19,平日尖峰：週期不變，調整時比(主要時相達門檻),05,07平日尖峰(3-1)：週期不變，調整時比(1),自動
5081,2020-05-13 23:45:20.863,2020-05-13 23:55:31.902,大溪-動態TOD(慈康陸橋_主控群組),大溪-動態TOD(慈康陸橋_主控群組)-023 平日尖峰(3-1)：週期不變，調整時比(1),023,S523400,候隊,41,0,2020-05-22 18:29:19,平日尖峰：週期不變，調整時比(主要時相達門檻),05,07平日尖峰(3-1)：週期不變，調整時比(1),自動
5081,2020-05-13 23:45:20.376,2020-05-13 23:55:31.902,大溪-動態TOD(慈康陸橋_主控群組),大溪-動態TOD(慈康陸橋_主控群組)-023 平日尖峰(3-1)：週期不變，調整時比(1),023,S506600,候隊,41,0,2020-05-22 18:29:19,平日尖峰：週期不變，調整時比(主要時相達門檻),05,07平日尖峰(3-1)：週期不變，調整時比(1),自動
5081,2020-05-13 23:45:20.122,2020-05-13 23:55:31.902,大溪-動態TOD(慈康陸橋_主控群組),大溪-動態TOD(慈康陸橋_主控群組)-023 平日尖峰(3-1)：週期不變，調整時比(1),023,S505700,候隊,41,0,2020-05-22 18:29:19,平日尖峰：週期不變，調整時比(主要時相達門檻),05,07平日尖峰(3-1)：週期不變，調整時比(1),自動
5081,2020-05-13 23:45:20.021,2020-05-13 23:55:31.902,大溪-動態TOD(慈康陸橋_主控群組),大溪-動態TOD(慈康陸橋_主控群組)-023 平日尖峰(3-1)：週期不變，調整時比(1),023,S505600,候隊,41,0,2020-05-22 18:29:19,平日尖峰：週期不變，調整時比(主要時相達門檻),05,07平日尖峰(3-1)：週期不變，調整時比(1),自動
5081,2020-05-13 23:45:20.019,2020-05-13 23:55:31.902,大溪-動態TOD(慈康陸橋_主控群組),大溪-動態TOD(慈康陸橋_主控群組)-023 平日尖峰(3-1)：週期不變，調整時比(1),023,S505500,候隊,41,0,2020-05-22 18:29:19,平日尖峰：週期不變，調整時比(主要時相達門檻),05,07平日尖峰(3-1)：週期不變，調整時比(1),自動
5081,2020-05-13 23:45:20.016,2020-05-13 23:55:31.902,大溪-動態TOD(慈康陸橋_主控群組),大溪-動態TOD(慈康陸橋_主控群組)-023 平日尖峰(3-1)：週期不變，調整時比(1),023,S505400,候隊,41,0,2020-05-22 18:29:19,平日尖峰：週期不變，調整時比(主要時相達門檻),05,07平日尖峰(3-1)：週期不變，調整時比(1),自動
5082,2020-05-13 23:45:14.932,2020-05-13 23:55:32.389,大溪-動態TOD(崎頂),大溪-動態TOD(崎頂)-003 平假日離峰(1-1)：週期不變，調整時比(1),003,S521600,候隊,38,0,2020-05-22 18:29:19,平假日離峰：週期不變，調整時比(主要時相達門檻),03,01平假日離峰(1-1)：週期不變，調整時比(1),自動
5082,2020-05-13 23:45:14.93,2020-05-13 23:55:32.389,大溪-動態TOD(崎頂),大溪-動態TOD(崎頂)-003 平假日離峰(1-1)：週期不變，調整時比(1),003,S521200,候隊,38,0,2020-05-22 18:29:19,平假日離峰：週期不變，調整時比(主要時相達門檻),03,01平假日離峰(1-1)：週期不變，調整時比(1),自動
5082,2020-05-13 23:45:14.929,2020-05-13 23:55:32.389,大溪-動態TOD(崎頂),大溪-動態TOD(崎頂)-003 平假日離峰(1-1)：週期不變，調整時比(1),003,S501500,候隊,38,0,2020-05-22 18:29:19,平假日離峰：週期不變，調整時比(主要時相達門檻),03,01平假日離峰(1-1)：週期不變，調整時比(1),自動
5082,2020-05-13 23:45:14.928,2020-05-13 23:55:32.389,大溪-動態TOD(崎頂),大溪-動態TOD(崎頂)-003 平假日離峰(1-1)：週期不變，調整時比(1),003,S501400,候隊,38,0,2020-05-22 18:29:19,平假日離峰：週期不變，調整時比(主要時相達門檻),03,01平假日離峰(1-1)：週期不變，調整時比(1),自動
5082,2020-05-13 23:45:14.925,2020-05-13 23:55:32.389,大溪-動態TOD(崎頂),大溪-動態TOD(崎頂)-003 平假日離峰(1-1)：週期不變，調整時比(1),003,S501300,候隊,38,0,2020-05-22 18:29:19,平假日離峰：週期不變，調整時比(主要時相達門檻),03,01平假日離峰(1-1)：週期不變，調整時比(1),自動
5083,2020-05-13 23:45:01.954,2020-05-13 23:55:32.457,大溪-動態TOD(慈康陸橋_配合群組),大溪-動態TOD(慈康陸橋_配合群組)-006 平日離峰(1-1)：週期不變，調整時比(1),006,S507100,候隊,38,0,2020-05-22 18:29:19,平日離峰：週期不變，調整時比(主要時相達門檻),06,01平日離峰(1-1)：週期不變，調整時比(1),自動
5083,2020-05-13 23:45:01.952,2020-05-13 23:55:32.457,大溪-動態TOD(慈康陸橋_配合群組),大溪-動態TOD(慈康陸橋_配合群組)-006 平日離峰(1-1)：週期不變，調整時比(1),006,S506900,候隊,38,0,2020-05-22 18:29:19,平日離峰：週期不變，調整時比(主要時相達門檻),06,01平日離峰(1-1)：週期不變，調整時比(1),自動
5083,2020-05-13 23:45:01.889,2020-05-13 23:55:32.457,大溪-動態TOD(慈康陸橋_配合群組),大溪-動態TOD(慈康陸橋_配合群組)-006 平日離峰(1-1)：週期不變，調整時比(1),006,S506800,候隊,38,0,2020-05-22 18:29:19,平日離峰：週期不變，調整時比(主要時相達門檻),06,01平日離峰(1-1)：週期不變，調整時比(1),自動
5083,2020-05-13 23:45:01.736,2020-05-13 23:55:32.457,大溪-動態TOD(慈康陸橋_配合群組),大溪-動態TOD(慈康陸橋_配合群組)-006 平日離峰(1-1)：週期不變，調整時比(1),006,S506700,候隊,38,0,2020-05-22 18:29:19,平日離峰：週期不變，調整時比(主要時相達門檻),06,01平日離峰(1-1)：週期不變，調整時比(1),自動
5078,2020-05-13 23:36:19.95,2020-05-13 23:37:32.654,大溪-動態TOD(慈康陸橋_主控群組),大溪-動態TOD(慈康陸橋_主控群組)-023 平日尖峰(3-1)：週期不變，調整時比(1),023,S523400,候隊,41,0,2020-05-22 18:29:19,平日尖峰：週期不變，調整時比(主要時相達門檻),05,07平日尖峰(3-1)：週期不變，調整時比(1),自動
5078,2020-05-13 23:36:19.949,2020-05-13 23:37:32.654,大溪-動態TOD(慈康陸橋_主控群組),大溪-動態TOD(慈康陸橋_主控群組)-023 平日尖峰(3-1)：週期不變，調整時比(1),023,S506600,候隊,41,0,2020-05-22 18:29:19,平日尖峰：週期不變，調整時比(主要時相達門檻),05,07平日尖峰(3-1)：週期不變，調整時比(1),自動
5078,2020-05-13 23:36:19.947,2020-05-13 23:37:32.654,大溪-動態TOD(慈康陸橋_主控群組),大溪-動態TOD(慈康陸橋_主控群組)-023 平日尖峰(3-1)：週期不變，調整時比(1),023,S505700,候隊,41,0,2020-05-22 18:29:19,平日尖峰：週期不變，調整時比(主要時相達門檻),05,07平日尖峰(3-1)：週期不變，調整時比(1),自動
5078,2020-05-13 23:36:19.946,2020-05-13 23:37:32.654,大溪-動態TOD(慈康陸橋_主控群組),大溪-動態TOD(慈康陸橋_主控群組)-023 平日尖峰(3-1)：週期不變，調整時比(1),023,S505600,候隊,41,0,2020-05-22 18:29:19,平日尖峰：週期不變，調整時比(主要時相達門檻),05,07平日尖峰(3-1)：週期不變，調整時比(1),自動
5197,2020-06-03 00:33:12.928,2020-06-03 00:33:51.51,大溪-交通疏導策略(進入大溪),大溪-交通疏導策略(進入大溪)-038 停車資訊發布,038,X505010,候隊,月眉停車場    橋頭停車場    皆有空位,0,2020-06-03 00:33:15,月眉&gt;0，橋頭&gt;0,12,停車資訊發布,自動
5078,2020-05-13 23:36:19.945,2020-05-13 23:37:32.654,大溪-動態TOD(慈康陸橋_主控群組),大溪-動態TOD(慈康陸橋_主控群組)-023 平日尖峰(3-1)：週期不變，調整時比(1),023,S505500,候隊,41,0,2020-05-22 18:29:19,平日尖峰：週期不變，調整時比(主要時相達門檻),05,07平日尖峰(3-1)：週期不變，調整時比(1),自動
5078,2020-05-13 23:36:19.943,2020-05-13 23:37:32.654,大溪-動態TOD(慈康陸橋_主控群組),大溪-動態TOD(慈康陸橋_主控群組)-023 平日尖峰(3-1)：週期不變，調整時比(1),023,S505400,候隊,41,0,2020-05-22 18:29:19,平日尖峰：週期不變，調整時比(主要時相達門檻),05,07平日尖峰(3-1)：週期不變，調整時比(1),自動
5079,2020-05-13 23:36:18.722,2020-05-13 23:37:32.963,大溪-動態TOD(崎頂),大溪-動態TOD(崎頂)-003 平假日離峰(1-1)：週期不變，調整時比(1),003,S521600,候隊,38,0,2020-05-22 18:29:19,平假日離峰：週期不變，調整時比(主要時相達門檻),03,01平假日離峰(1-1)：週期不變，調整時比(1),自動
5079,2020-05-13 23:36:18.72,2020-05-13 23:37:32.963,大溪-動態TOD(崎頂),大溪-動態TOD(崎頂)-003 平假日離峰(1-1)：週期不變，調整時比(1),003,S521200,候隊,38,0,2020-05-22 18:29:19,平假日離峰：週期不變，調整時比(主要時相達門檻),03,01平假日離峰(1-1)：週期不變，調整時比(1),自動
5079,2020-05-13 23:36:18.719,2020-05-13 23:37:32.963,大溪-動態TOD(崎頂),大溪-動態TOD(崎頂)-003 平假日離峰(1-1)：週期不變，調整時比(1),003,S501500,候隊,38,0,2020-05-22 18:29:19,平假日離峰：週期不變，調整時比(主要時相達門檻),03,01平假日離峰(1-1)：週期不變，調整時比(1),自動
5079,2020-05-13 23:36:18.717,2020-05-13 23:37:32.963,大溪-動態TOD(崎頂),大溪-動態TOD(崎頂)-003 平假日離峰(1-1)：週期不變，調整時比(1),003,S501400,候隊,38,0,2020-05-22 18:29:19,平假日離峰：週期不變，調整時比(主要時相達門檻),03,01平假日離峰(1-1)：週期不變，調整時比(1),自動
5079,2020-05-13 23:36:18.715,2020-05-13 23:37:32.963,大溪-動態TOD(崎頂),大溪-動態TOD(崎頂)-003 平假日離峰(1-1)：週期不變，調整時比(1),003,S501300,候隊,38,0,2020-05-22 18:29:19,平假日離峰：週期不變，調整時比(主要時相達門檻),03,01平假日離峰(1-1)：週期不變，調整時比(1),自動
5080,2020-05-13 23:36:05.05,2020-05-13 23:37:33.079,大溪-動態TOD(慈康陸橋_配合群組),大溪-動態TOD(慈康陸橋_配合群組)-006 平日離峰(1-1)：週期不變，調整時比(1),006,S507100,候隊,38,0,2020-05-22 18:29:19,平日離峰：週期不變，調整時比(主要時相達門檻),06,01平日離峰(1-1)：週期不變，調整時比(1),自動
5080,2020-05-13 23:36:04.997,2020-05-13 23:37:33.079,大溪-動態TOD(慈康陸橋_配合群組),大溪-動態TOD(慈康陸橋_配合群組)-006 平日離峰(1-1)：週期不變，調整時比(1),006,S506900,候隊,38,0,2020-05-22 18:29:19,平日離峰：週期不變，調整時比(主要時相達門檻),06,01平日離峰(1-1)：週期不變，調整時比(1),自動
5080,2020-05-13 23:36:04.995,2020-05-13 23:37:33.079,大溪-動態TOD(慈康陸橋_配合群組),大溪-動態TOD(慈康陸橋_配合群組)-006 平日離峰(1-1)：週期不變，調整時比(1),006,S506800,候隊,38,0,2020-05-22 18:29:19,平日離峰：週期不變，調整時比(主要時相達門檻),06,01平日離峰(1-1)：週期不變，調整時比(1),自動
5080,2020-05-13 23:36:04.885,2020-05-13 23:37:33.079,大溪-動態TOD(慈康陸橋_配合群組),大溪-動態TOD(慈康陸橋_配合群組)-006 平日離峰(1-1)：週期不變，調整時比(1),006,S506700,候隊,38,0,2020-05-22 18:29:19,平日離峰：週期不變，調整時比(主要時相達門檻),06,01平日離峰(1-1)：週期不變，調整時比(1),自動
5077,2020-05-13 23:27:10.302,2020-05-13 23:27:31.362,大溪-動態TOD(慈康陸橋_主控群組),大溪-動態TOD(慈康陸橋_主控群組)-023 平日尖峰(3-1)：週期不變，調整時比(1),023,S523400,候隊,41,0,2020-05-22 18:29:19,平日尖峰：週期不變，調整時比(主要時相達門檻),05,07平日尖峰(3-1)：週期不變，調整時比(1),自動
5077,2020-05-13 23:27:10.226,2020-05-13 23:27:31.362,大溪-動態TOD(慈康陸橋_主控群組),大溪-動態TOD(慈康陸橋_主控群組)-023 平日尖峰(3-1)：週期不變，調整時比(1),023,S506600,候隊,41,0,2020-05-22 18:29:19,平日尖峰：週期不變，調整時比(主要時相達門檻),05,07平日尖峰(3-1)：週期不變，調整時比(1),自動
5077,2020-05-13 23:27:10.204,2020-05-13 23:27:31.362,大溪-動態TOD(慈康陸橋_主控群組),大溪-動態TOD(慈康陸橋_主控群組)-023 平日尖峰(3-1)：週期不變，調整時比(1),023,S505700,候隊,41,0,2020-05-22 18:29:19,平日尖峰：週期不變，調整時比(主要時相達門檻),05,07平日尖峰(3-1)：週期不變，調整時比(1),自動
5077,2020-05-13 23:27:10.198,2020-05-13 23:27:31.362,大溪-動態TOD(慈康陸橋_主控群組),大溪-動態TOD(慈康陸橋_主控群組)-023 平日尖峰(3-1)：週期不變，調整時比(1),023,S505600,候隊,41,0,2020-05-22 18:29:19,平日尖峰：週期不變，調整時比(主要時相達門檻),05,07平日尖峰(3-1)：週期不變，調整時比(1),自動
5077,2020-05-13 23:27:10.181,2020-05-13 23:27:31.362,大溪-動態TOD(慈康陸橋_主控群組),大溪-動態TOD(慈康陸橋_主控群組)-023 平日尖峰(3-1)：週期不變，調整時比(1),023,S505500,候隊,41,0,2020-05-22 18:29:19,平日尖峰：週期不變，調整時比(主要時相達門檻),05,07平日尖峰(3-1)：週期不變，調整時比(1),自動
5077,2020-05-13 23:27:10.039,2020-05-13 23:27:31.362,大溪-動態TOD(慈康陸橋_主控群組),大溪-動態TOD(慈康陸橋_主控群組)-023 平日尖峰(3-1)：週期不變，調整時比(1),023,S505400,候隊,41,0,2020-05-22 18:29:19,平日尖峰：週期不變，調整時比(主要時相達門檻),05,07平日尖峰(3-1)：週期不變，調整時比(1),自動
5076,2020-05-13 23:24:15.092,2020-05-13 23:28:31.733,大溪-動態TOD(崎頂),大溪-動態TOD(崎頂)-003 平假日離峰(1-1)：週期不變，調整時比(1),003,S521600,候隊,38,0,2020-05-22 18:29:19,平假日離峰：週期不變，調整時比(主要時相達門檻),03,01平假日離峰(1-1)：週期不變，調整時比(1),自動
5076,2020-05-13 23:24:15.091,2020-05-13 23:28:31.733,大溪-動態TOD(崎頂),大溪-動態TOD(崎頂)-003 平假日離峰(1-1)：週期不變，調整時比(1),003,S521200,候隊,38,0,2020-05-22 18:29:19,平假日離峰：週期不變，調整時比(主要時相達門檻),03,01平假日離峰(1-1)：週期不變，調整時比(1),自動
5076,2020-05-13 23:24:15.09,2020-05-13 23:28:31.733,大溪-動態TOD(崎頂),大溪-動態TOD(崎頂)-003 平假日離峰(1-1)：週期不變，調整時比(1),003,S501500,候隊,38,0,2020-05-22 18:29:19,平假日離峰：週期不變，調整時比(主要時相達門檻),03,01平假日離峰(1-1)：週期不變，調整時比(1),自動
5076,2020-05-13 23:24:15.088,2020-05-13 23:28:31.733,大溪-動態TOD(崎頂),大溪-動態TOD(崎頂)-003 平假日離峰(1-1)：週期不變，調整時比(1),003,S501400,候隊,38,0,2020-05-22 18:29:19,平假日離峰：週期不變，調整時比(主要時相達門檻),03,01平假日離峰(1-1)：週期不變，調整時比(1),自動
5076,2020-05-13 23:24:15.086,2020-05-13 23:28:31.733,大溪-動態TOD(崎頂),大溪-動態TOD(崎頂)-003 平假日離峰(1-1)：週期不變，調整時比(1),003,S501300,候隊,38,0,2020-05-22 18:29:19,平假日離峰：週期不變，調整時比(主要時相達門檻),03,01平假日離峰(1-1)：週期不變，調整時比(1),自動
5075,2020-05-13 23:24:10.176,2020-05-13 23:25:31.621,大溪-動態TOD(慈康陸橋_主控群組),大溪-動態TOD(慈康陸橋_主控群組)-023 平日尖峰(3-1)：週期不變，調整時比(1),023,S523400,候隊,41,0,2020-05-22 18:29:19,平日尖峰：週期不變，調整時比(主要時相達門檻),05,07平日尖峰(3-1)：週期不變，調整時比(1),自動
5075,2020-05-13 23:24:10.175,2020-05-13 23:25:31.621,大溪-動態TOD(慈康陸橋_主控群組),大溪-動態TOD(慈康陸橋_主控群組)-023 平日尖峰(3-1)：週期不變，調整時比(1),023,S506600,候隊,41,0,2020-05-22 18:29:19,平日尖峰：週期不變，調整時比(主要時相達門檻),05,07平日尖峰(3-1)：週期不變，調整時比(1),自動
5075,2020-05-13 23:24:10.157,2020-05-13 23:25:31.621,大溪-動態TOD(慈康陸橋_主控群組),大溪-動態TOD(慈康陸橋_主控群組)-023 平日尖峰(3-1)：週期不變，調整時比(1),023,S505700,候隊,41,0,2020-05-22 18:29:19,平日尖峰：週期不變，調整時比(主要時相達門檻),05,07平日尖峰(3-1)：週期不變，調整時比(1),自動
5075,2020-05-13 23:24:10.156,2020-05-13 23:25:31.621,大溪-動態TOD(慈康陸橋_主控群組),大溪-動態TOD(慈康陸橋_主控群組)-023 平日尖峰(3-1)：週期不變，調整時比(1),023,S505600,候隊,41,0,2020-05-22 18:29:19,平日尖峰：週期不變，調整時比(主要時相達門檻),05,07平日尖峰(3-1)：週期不變，調整時比(1),自動
5075,2020-05-13 23:24:10.155,2020-05-13 23:25:31.621,大溪-動態TOD(慈康陸橋_主控群組),大溪-動態TOD(慈康陸橋_主控群組)-023 平日尖峰(3-1)：週期不變，調整時比(1),023,S505500,候隊,41,0,2020-05-22 18:29:19,平日尖峰：週期不變，調整時比(主要時相達門檻),05,07平日尖峰(3-1)：週期不變，調整時比(1),自動
5075,2020-05-13 23:24:10.127,2020-05-13 23:25:31.621,大溪-動態TOD(慈康陸橋_主控群組),大溪-動態TOD(慈康陸橋_主控群組)-023 平日尖峰(3-1)：週期不變，調整時比(1),023,S505400,候隊,41,0,2020-05-22 18:29:19,平日尖峰：週期不變，調整時比(主要時相達門檻),05,07平日尖峰(3-1)：週期不變，調整時比(1),自動
5073,2020-05-13 23:23:21.971,2020-05-13 23:23:22.014,大溪-動態TOD(慈康陸橋_主控群組),大溪-動態TOD(慈康陸橋_主控群組)-023 平日尖峰(3-1)：週期不變，調整時比(1),023,S523400,候隊,41,0,2020-05-22 18:29:19,平日尖峰：週期不變，調整時比(主要時相達門檻),05,07平日尖峰(3-1)：週期不變，調整時比(1),自動
5073,2020-05-13 23:23:21.97,2020-05-13 23:23:22.014,大溪-動態TOD(慈康陸橋_主控群組),大溪-動態TOD(慈康陸橋_主控群組)-023 平日尖峰(3-1)：週期不變，調整時比(1),023,S506600,候隊,41,0,2020-05-22 18:29:19,平日尖峰：週期不變，調整時比(主要時相達門檻),05,07平日尖峰(3-1)：週期不變，調整時比(1),自動
5073,2020-05-13 23:23:21.967,2020-05-13 23:23:22.014,大溪-動態TOD(慈康陸橋_主控群組),大溪-動態TOD(慈康陸橋_主控群組)-023 平日尖峰(3-1)：週期不變，調整時比(1),023,S505700,候隊,41,0,2020-05-22 18:29:19,平日尖峰：週期不變，調整時比(主要時相達門檻),05,07平日尖峰(3-1)：週期不變，調整時比(1),自動
5073,2020-05-13 23:23:21.965,2020-05-13 23:23:22.014,大溪-動態TOD(慈康陸橋_主控群組),大溪-動態TOD(慈康陸橋_主控群組)-023 平日尖峰(3-1)：週期不變，調整時比(1),023,S505600,候隊,41,0,2020-05-22 18:29:19,平日尖峰：週期不變，調整時比(主要時相達門檻),05,07平日尖峰(3-1)：週期不變，調整時比(1),自動
5073,2020-05-13 23:23:21.687,2020-05-13 23:23:22.014,大溪-動態TOD(慈康陸橋_主控群組),大溪-動態TOD(慈康陸橋_主控群組)-023 平日尖峰(3-1)：週期不變，調整時比(1),023,S505500,候隊,41,0,2020-05-22 18:29:19,平日尖峰：週期不變，調整時比(主要時相達門檻),05,07平日尖峰(3-1)：週期不變，調整時比(1),自動
5073,2020-05-13 23:23:21.509,2020-05-13 23:23:22.014,大溪-動態TOD(慈康陸橋_主控群組),大溪-動態TOD(慈康陸橋_主控群組)-023 平日尖峰(3-1)：週期不變，調整時比(1),023,S505400,候隊,41,0,2020-05-22 18:29:19,平日尖峰：週期不變，調整時比(主要時相達門檻),05,07平日尖峰(3-1)：週期不變，調整時比(1),自動
5074,2020-05-13 23:23:14.49,2020-05-13 23:23:14.524,大溪-動態TOD(崎頂),大溪-動態TOD(崎頂)-003 平假日離峰(1-1)：週期不變，調整時比(1),003,S521600,候隊,38,0,2020-05-22 18:29:19,平假日離峰：週期不變，調整時比(主要時相達門檻),03,01平假日離峰(1-1)：週期不變，調整時比(1),自動
5074,2020-05-13 23:23:14.488,2020-05-13 23:23:14.524,大溪-動態TOD(崎頂),大溪-動態TOD(崎頂)-003 平假日離峰(1-1)：週期不變，調整時比(1),003,S521200,候隊,38,0,2020-05-22 18:29:19,平假日離峰：週期不變，調整時比(主要時相達門檻),03,01平假日離峰(1-1)：週期不變，調整時比(1),自動
5074,2020-05-13 23:23:14.487,2020-05-13 23:23:14.524,大溪-動態TOD(崎頂),大溪-動態TOD(崎頂)-003 平假日離峰(1-1)：週期不變，調整時比(1),003,S501500,候隊,38,0,2020-05-22 18:29:19,平假日離峰：週期不變，調整時比(主要時相達門檻),03,01平假日離峰(1-1)：週期不變，調整時比(1),自動
5074,2020-05-13 23:23:14.485,2020-05-13 23:23:14.524,大溪-動態TOD(崎頂),大溪-動態TOD(崎頂)-003 平假日離峰(1-1)：週期不變，調整時比(1),003,S501400,候隊,38,0,2020-05-22 18:29:19,平假日離峰：週期不變，調整時比(主要時相達門檻),03,01平假日離峰(1-1)：週期不變，調整時比(1),自動
5074,2020-05-13 23:23:14.448,2020-05-13 23:23:14.524,大溪-動態TOD(崎頂),大溪-動態TOD(崎頂)-003 平假日離峰(1-1)：週期不變，調整時比(1),003,S501300,候隊,38,0,2020-05-22 18:29:19,平假日離峰：週期不變，調整時比(主要時相達門檻),03,01平假日離峰(1-1)：週期不變，調整時比(1),自動
5071,2020-05-13 23:22:19.383,2020-05-13 23:22:19.425,大溪-動態TOD(慈康陸橋_主控群組),大溪-動態TOD(慈康陸橋_主控群組)-023 平日尖峰(3-1)：週期不變，調整時比(1),023,S523400,候隊,41,0,2020-05-22 18:29:19,平日尖峰：週期不變，調整時比(主要時相達門檻),05,07平日尖峰(3-1)：週期不變，調整時比(1),自動
5071,2020-05-13 23:22:19.381,2020-05-13 23:22:19.425,大溪-動態TOD(慈康陸橋_主控群組),大溪-動態TOD(慈康陸橋_主控群組)-023 平日尖峰(3-1)：週期不變，調整時比(1),023,S506600,候隊,41,0,2020-05-22 18:29:19,平日尖峰：週期不變，調整時比(主要時相達門檻),05,07平日尖峰(3-1)：週期不變，調整時比(1),自動
5071,2020-05-13 23:22:19.38,2020-05-13 23:22:19.425,大溪-動態TOD(慈康陸橋_主控群組),大溪-動態TOD(慈康陸橋_主控群組)-023 平日尖峰(3-1)：週期不變，調整時比(1),023,S505700,候隊,41,0,2020-05-22 18:29:19,平日尖峰：週期不變，調整時比(主要時相達門檻),05,07平日尖峰(3-1)：週期不變，調整時比(1),自動
5071,2020-05-13 23:22:19.378,2020-05-13 23:22:19.425,大溪-動態TOD(慈康陸橋_主控群組),大溪-動態TOD(慈康陸橋_主控群組)-023 平日尖峰(3-1)：週期不變，調整時比(1),023,S505600,候隊,41,0,2020-05-22 18:29:19,平日尖峰：週期不變，調整時比(主要時相達門檻),05,07平日尖峰(3-1)：週期不變，調整時比(1),自動
5071,2020-05-13 23:22:19.376,2020-05-13 23:22:19.425,大溪-動態TOD(慈康陸橋_主控群組),大溪-動態TOD(慈康陸橋_主控群組)-023 平日尖峰(3-1)：週期不變，調整時比(1),023,S505500,候隊,41,0,2020-05-22 18:29:19,平日尖峰：週期不變，調整時比(主要時相達門檻),05,07平日尖峰(3-1)：週期不變，調整時比(1),自動
5071,2020-05-13 23:22:19.374,2020-05-13 23:22:19.425,大溪-動態TOD(慈康陸橋_主控群組),大溪-動態TOD(慈康陸橋_主控群組)-023 平日尖峰(3-1)：週期不變，調整時比(1),023,S505400,候隊,41,0,2020-05-22 18:29:19,平日尖峰：週期不變，調整時比(主要時相達門檻),05,07平日尖峰(3-1)：週期不變，調整時比(1),自動
5197,2020-06-03 00:33:12.929,2020-06-03 00:33:51.51,大溪-交通疏導策略(進入大溪),大溪-交通疏導策略(進入大溪)-038 停車資訊發布,038,X510720,候隊,月眉停車場    橋頭停車場    皆有空位,0,2020-06-03 00:33:15,月眉&gt;0，橋頭&gt;0,12,停車資訊發布,自動
5072,2020-05-13 23:22:15.947,2020-05-13 23:22:15.997,大溪-動態TOD(崎頂),大溪-動態TOD(崎頂)-003 平假日離峰(1-1)：週期不變，調整時比(1),003,S521600,候隊,38,0,2020-05-22 18:29:19,平假日離峰：週期不變，調整時比(主要時相達門檻),03,01平假日離峰(1-1)：週期不變，調整時比(1),自動
5072,2020-05-13 23:22:15.945,2020-05-13 23:22:15.997,大溪-動態TOD(崎頂),大溪-動態TOD(崎頂)-003 平假日離峰(1-1)：週期不變，調整時比(1),003,S521200,候隊,38,0,2020-05-22 18:29:19,平假日離峰：週期不變，調整時比(主要時相達門檻),03,01平假日離峰(1-1)：週期不變，調整時比(1),自動
5072,2020-05-13 23:22:15.943,2020-05-13 23:22:15.997,大溪-動態TOD(崎頂),大溪-動態TOD(崎頂)-003 平假日離峰(1-1)：週期不變，調整時比(1),003,S501500,候隊,38,0,2020-05-22 18:29:19,平假日離峰：週期不變，調整時比(主要時相達門檻),03,01平假日離峰(1-1)：週期不變，調整時比(1),自動
5072,2020-05-13 23:22:15.942,2020-05-13 23:22:15.997,大溪-動態TOD(崎頂),大溪-動態TOD(崎頂)-003 平假日離峰(1-1)：週期不變，調整時比(1),003,S501400,候隊,38,0,2020-05-22 18:29:19,平假日離峰：週期不變，調整時比(主要時相達門檻),03,01平假日離峰(1-1)：週期不變，調整時比(1),自動
5072,2020-05-13 23:22:15.791,2020-05-13 23:22:15.997,大溪-動態TOD(崎頂),大溪-動態TOD(崎頂)-003 平假日離峰(1-1)：週期不變，調整時比(1),003,S501300,候隊,38,0,2020-05-22 18:29:19,平假日離峰：週期不變，調整時比(主要時相達門檻),03,01平假日離峰(1-1)：週期不變，調整時比(1),自動
5070,2020-05-13 23:21:25.492,2020-05-13 23:21:25.543,大溪-動態TOD(慈康陸橋_主控群組),大溪-動態TOD(慈康陸橋_主控群組)-023 平日尖峰(3-1)：週期不變，調整時比(1),023,S523400,候隊,41,0,2020-05-22 18:29:19,平日尖峰：週期不變，調整時比(主要時相達門檻),05,07平日尖峰(3-1)：週期不變，調整時比(1),自動
5070,2020-05-13 23:21:25.491,2020-05-13 23:21:25.543,大溪-動態TOD(慈康陸橋_主控群組),大溪-動態TOD(慈康陸橋_主控群組)-023 平日尖峰(3-1)：週期不變，調整時比(1),023,S506600,候隊,41,0,2020-05-22 18:29:19,平日尖峰：週期不變，調整時比(主要時相達門檻),05,07平日尖峰(3-1)：週期不變，調整時比(1),自動
5070,2020-05-13 23:21:25.445,2020-05-13 23:21:25.543,大溪-動態TOD(慈康陸橋_主控群組),大溪-動態TOD(慈康陸橋_主控群組)-023 平日尖峰(3-1)：週期不變，調整時比(1),023,S505700,候隊,41,0,2020-05-22 18:29:19,平日尖峰：週期不變，調整時比(主要時相達門檻),05,07平日尖峰(3-1)：週期不變，調整時比(1),自動
5070,2020-05-13 23:21:25.443,2020-05-13 23:21:25.543,大溪-動態TOD(慈康陸橋_主控群組),大溪-動態TOD(慈康陸橋_主控群組)-023 平日尖峰(3-1)：週期不變，調整時比(1),023,S505600,候隊,41,0,2020-05-22 18:29:19,平日尖峰：週期不變，調整時比(主要時相達門檻),05,07平日尖峰(3-1)：週期不變，調整時比(1),自動
5070,2020-05-13 23:21:25.442,2020-05-13 23:21:25.543,大溪-動態TOD(慈康陸橋_主控群組),大溪-動態TOD(慈康陸橋_主控群組)-023 平日尖峰(3-1)：週期不變，調整時比(1),023,S505500,候隊,41,0,2020-05-22 18:29:19,平日尖峰：週期不變，調整時比(主要時相達門檻),05,07平日尖峰(3-1)：週期不變，調整時比(1),自動
5070,2020-05-13 23:21:25.278,2020-05-13 23:21:25.543,大溪-動態TOD(慈康陸橋_主控群組),大溪-動態TOD(慈康陸橋_主控群組)-023 平日尖峰(3-1)：週期不變，調整時比(1),023,S505400,候隊,41,0,2020-05-22 18:29:19,平日尖峰：週期不變，調整時比(主要時相達門檻),05,07平日尖峰(3-1)：週期不變，調整時比(1),自動
5069,2020-05-13 23:15:48.87,2020-05-13 23:16:31.782,大溪-動態TOD(慈康陸橋_配合群組),大溪-動態TOD(慈康陸橋_配合群組)-006 平日離峰(1-1)：週期不變，調整時比(1),006,S507100,候隊,38,0,2020-05-22 18:29:19,平日離峰：週期不變，調整時比(主要時相達門檻),06,01平日離峰(1-1)：週期不變，調整時比(1),自動
5069,2020-05-13 23:15:48.868,2020-05-13 23:16:31.782,大溪-動態TOD(慈康陸橋_配合群組),大溪-動態TOD(慈康陸橋_配合群組)-006 平日離峰(1-1)：週期不變，調整時比(1),006,S506900,候隊,38,0,2020-05-22 18:29:19,平日離峰：週期不變，調整時比(主要時相達門檻),06,01平日離峰(1-1)：週期不變，調整時比(1),自動
5069,2020-05-13 23:15:48.867,2020-05-13 23:16:31.782,大溪-動態TOD(慈康陸橋_配合群組),大溪-動態TOD(慈康陸橋_配合群組)-006 平日離峰(1-1)：週期不變，調整時比(1),006,S506800,候隊,38,0,2020-05-22 18:29:19,平日離峰：週期不變，調整時比(主要時相達門檻),06,01平日離峰(1-1)：週期不變，調整時比(1),自動
5069,2020-05-13 23:15:48.792,2020-05-13 23:16:31.782,大溪-動態TOD(慈康陸橋_配合群組),大溪-動態TOD(慈康陸橋_配合群組)-006 平日離峰(1-1)：週期不變，調整時比(1),006,S506700,候隊,38,0,2020-05-22 18:29:19,平日離峰：週期不變，調整時比(主要時相達門檻),06,01平日離峰(1-1)：週期不變，調整時比(1),自動
5067,2020-05-13 23:07:52.104,2020-05-13 23:09:54.819,大溪-動態TOD(慈康陸橋_配合群組),大溪-動態TOD(慈康陸橋_配合群組)-006 平日離峰(1-1)：週期不變，調整時比(1),006,S507100,候隊,38,0,2020-05-22 18:29:19,平日離峰：週期不變，調整時比(主要時相達門檻),06,01平日離峰(1-1)：週期不變，調整時比(1),自動
5067,2020-05-13 23:07:52.102,2020-05-13 23:09:54.819,大溪-動態TOD(慈康陸橋_配合群組),大溪-動態TOD(慈康陸橋_配合群組)-006 平日離峰(1-1)：週期不變，調整時比(1),006,S506900,候隊,38,0,2020-05-22 18:29:19,平日離峰：週期不變，調整時比(主要時相達門檻),06,01平日離峰(1-1)：週期不變，調整時比(1),自動
5067,2020-05-13 23:07:52.1,2020-05-13 23:09:54.819,大溪-動態TOD(慈康陸橋_配合群組),大溪-動態TOD(慈康陸橋_配合群組)-006 平日離峰(1-1)：週期不變，調整時比(1),006,S506800,候隊,38,0,2020-05-22 18:29:19,平日離峰：週期不變，調整時比(主要時相達門檻),06,01平日離峰(1-1)：週期不變，調整時比(1),自動
5067,2020-05-13 23:07:52.053,2020-05-13 23:09:54.819,大溪-動態TOD(慈康陸橋_配合群組),大溪-動態TOD(慈康陸橋_配合群組)-006 平日離峰(1-1)：週期不變，調整時比(1),006,S506700,候隊,38,0,2020-05-22 18:29:19,平日離峰：週期不變，調整時比(主要時相達門檻),06,01平日離峰(1-1)：週期不變，調整時比(1),自動
5066,2020-05-13 23:00:44.057,2020-05-13 23:04:39.62,大溪-動態TOD(慈康陸橋_配合群組),大溪-動態TOD(慈康陸橋_配合群組)-006 平日離峰(1-1)：週期不變，調整時比(1),006,S507100,候隊,38,0,2020-05-22 18:29:19,平日離峰：週期不變，調整時比(主要時相達門檻),06,01平日離峰(1-1)：週期不變，調整時比(1),自動
5066,2020-05-13 23:00:44.056,2020-05-13 23:04:39.62,大溪-動態TOD(慈康陸橋_配合群組),大溪-動態TOD(慈康陸橋_配合群組)-006 平日離峰(1-1)：週期不變，調整時比(1),006,S506900,候隊,38,0,2020-05-22 18:29:19,平日離峰：週期不變，調整時比(主要時相達門檻),06,01平日離峰(1-1)：週期不變，調整時比(1),自動
5066,2020-05-13 23:00:44.054,2020-05-13 23:04:39.62,大溪-動態TOD(慈康陸橋_配合群組),大溪-動態TOD(慈康陸橋_配合群組)-006 平日離峰(1-1)：週期不變，調整時比(1),006,S506800,候隊,38,0,2020-05-22 18:29:19,平日離峰：週期不變，調整時比(主要時相達門檻),06,01平日離峰(1-1)：週期不變，調整時比(1),自動
5199,2020-06-03 15:55:08.387,2020-06-03 15:55:34.33,測試,測試-058 測試計畫,058,S506800,候隊,40,0,2020-06-03 15:55:25,,13,測試計畫,自動
5066,2020-05-13 23:00:43.968,2020-05-13 23:04:39.62,大溪-動態TOD(慈康陸橋_配合群組),大溪-動態TOD(慈康陸橋_配合群組)-006 平日離峰(1-1)：週期不變，調整時比(1),006,S506700,候隊,38,0,2020-05-22 18:29:19,平日離峰：週期不變，調整時比(主要時相達門檻),06,01平日離峰(1-1)：週期不變，調整時比(1),自動
5064,2020-05-13 22:50:50.727,2020-05-13 22:54:47.099,大溪-動態TOD(慈康陸橋_主控群組),大溪-動態TOD(慈康陸橋_主控群組)-023 平日尖峰(3-1)：週期不變，調整時比(1),023,S523400,候隊,41,0,2020-05-22 18:29:19,平日尖峰：週期不變，調整時比(主要時相達門檻),05,07平日尖峰(3-1)：週期不變，調整時比(1),自動
5064,2020-05-13 22:50:50.726,2020-05-13 22:54:47.099,大溪-動態TOD(慈康陸橋_主控群組),大溪-動態TOD(慈康陸橋_主控群組)-023 平日尖峰(3-1)：週期不變，調整時比(1),023,S506600,候隊,41,0,2020-05-22 18:29:19,平日尖峰：週期不變，調整時比(主要時相達門檻),05,07平日尖峰(3-1)：週期不變，調整時比(1),自動
5064,2020-05-13 22:50:50.722,2020-05-13 22:54:47.099,大溪-動態TOD(慈康陸橋_主控群組),大溪-動態TOD(慈康陸橋_主控群組)-023 平日尖峰(3-1)：週期不變，調整時比(1),023,S505700,候隊,41,0,2020-05-22 18:29:19,平日尖峰：週期不變，調整時比(主要時相達門檻),05,07平日尖峰(3-1)：週期不變，調整時比(1),自動
5064,2020-05-13 22:50:50.72,2020-05-13 22:54:47.099,大溪-動態TOD(慈康陸橋_主控群組),大溪-動態TOD(慈康陸橋_主控群組)-023 平日尖峰(3-1)：週期不變，調整時比(1),023,S505600,候隊,41,0,2020-05-22 18:29:19,平日尖峰：週期不變，調整時比(主要時相達門檻),05,07平日尖峰(3-1)：週期不變，調整時比(1),自動
5064,2020-05-13 22:50:50.718,2020-05-13 22:54:47.099,大溪-動態TOD(慈康陸橋_主控群組),大溪-動態TOD(慈康陸橋_主控群組)-023 平日尖峰(3-1)：週期不變，調整時比(1),023,S505500,候隊,41,0,2020-05-22 18:29:19,平日尖峰：週期不變，調整時比(主要時相達門檻),05,07平日尖峰(3-1)：週期不變，調整時比(1),自動
5064,2020-05-13 22:50:50.655,2020-05-13 22:54:47.099,大溪-動態TOD(慈康陸橋_主控群組),大溪-動態TOD(慈康陸橋_主控群組)-023 平日尖峰(3-1)：週期不變，調整時比(1),023,S505400,候隊,41,0,2020-05-22 18:29:19,平日尖峰：週期不變，調整時比(主要時相達門檻),05,07平日尖峰(3-1)：週期不變，調整時比(1),自動
5062,2020-05-13 22:39:35.872,2020-05-13 22:42:52.161,大溪-動態TOD(崎頂),大溪-動態TOD(崎頂)-003 平假日離峰(1-1)：週期不變，調整時比(1),003,S521600,候隊,38,0,2020-05-22 18:29:19,平假日離峰：週期不變，調整時比(主要時相達門檻),03,01平假日離峰(1-1)：週期不變，調整時比(1),自動
5062,2020-05-13 22:39:35.763,2020-05-13 22:42:52.161,大溪-動態TOD(崎頂),大溪-動態TOD(崎頂)-003 平假日離峰(1-1)：週期不變，調整時比(1),003,S521200,候隊,38,0,2020-05-22 18:29:19,平假日離峰：週期不變，調整時比(主要時相達門檻),03,01平假日離峰(1-1)：週期不變，調整時比(1),自動
5062,2020-05-13 22:39:35.42,2020-05-13 22:42:52.161,大溪-動態TOD(崎頂),大溪-動態TOD(崎頂)-003 平假日離峰(1-1)：週期不變，調整時比(1),003,S501500,候隊,38,0,2020-05-22 18:29:19,平假日離峰：週期不變，調整時比(主要時相達門檻),03,01平假日離峰(1-1)：週期不變，調整時比(1),自動
5062,2020-05-13 22:39:35.337,2020-05-13 22:42:52.161,大溪-動態TOD(崎頂),大溪-動態TOD(崎頂)-003 平假日離峰(1-1)：週期不變，調整時比(1),003,S501400,候隊,38,0,2020-05-22 18:29:19,平假日離峰：週期不變，調整時比(主要時相達門檻),03,01平假日離峰(1-1)：週期不變，調整時比(1),自動
5062,2020-05-13 22:39:34.93,2020-05-13 22:42:52.161,大溪-動態TOD(崎頂),大溪-動態TOD(崎頂)-003 平假日離峰(1-1)：週期不變，調整時比(1),003,S501300,候隊,38,0,2020-05-22 18:29:19,平假日離峰：週期不變，調整時比(主要時相達門檻),03,01平假日離峰(1-1)：週期不變，調整時比(1),自動
5058,2020-05-13 20:39:10.226,2020-05-14 00:12:31.171,大溪-交通疏導策略(離開大溪),-035 建議提前離開,035,X505740,候隊,往大溪交流道將壅塞，建議提前離開,0,2020-05-22 18:29:19,"即時&lt;30分鐘後&lt;60分鐘後
即時&lt;60分鐘後&lt;30分鐘後",11,建議提前離場,自動
5058,2020-05-13 20:39:10.225,2020-05-14 00:12:31.171,大溪-交通疏導策略(離開大溪),-035 建議提前離開,035,X505600,候隊,往大溪交流道將壅塞，建議提前離開,0,2020-05-22 18:29:19,"即時&lt;30分鐘後&lt;60分鐘後
即時&lt;60分鐘後&lt;30分鐘後",11,建議提前離場,自動
5058,2020-05-13 20:39:10.224,2020-05-14 00:12:31.171,大溪-交通疏導策略(離開大溪),-035 建議提前離開,035,X505450,候隊,往大溪交流道將壅塞，建議提前離開,0,2020-05-22 18:29:19,"即時&lt;30分鐘後&lt;60分鐘後
即時&lt;60分鐘後&lt;30分鐘後",11,建議提前離場,自動
5058,2020-05-13 20:39:10.222,2020-05-14 00:12:31.171,大溪-交通疏導策略(離開大溪),-035 建議提前離開,035,X505440,候隊,往大溪交流道將壅塞，建議提前離開,0,2020-05-22 18:29:19,"即時&lt;30分鐘後&lt;60分鐘後
即時&lt;60分鐘後&lt;30分鐘後",11,建議提前離場,自動
5058,2020-05-13 20:39:10.125,2020-05-14 00:12:31.171,大溪-交通疏導策略(離開大溪),-035 建議提前離開,035,X505430,候隊,往大溪交流道將壅塞，建議提前離開,0,2020-05-22 18:29:19,"即時&lt;30分鐘後&lt;60分鐘後
即時&lt;60分鐘後&lt;30分鐘後",11,建議提前離場,自動
5057,2020-05-13 20:36:48.021,2020-05-13 20:36:50.673,大溪-交通疏導策略(離開大溪),-035 建議提前離開,035,X505740,候隊,往大溪交流道將壅塞，建議提前離開,0,2020-05-22 18:29:19,"即時&lt;30分鐘後&lt;60分鐘後
即時&lt;60分鐘後&lt;30分鐘後",11,建議提前離場,自動
5057,2020-05-13 20:36:48.02,2020-05-13 20:36:50.673,大溪-交通疏導策略(離開大溪),-035 建議提前離開,035,X505600,候隊,往大溪交流道將壅塞，建議提前離開,0,2020-05-22 18:29:19,"即時&lt;30分鐘後&lt;60分鐘後
即時&lt;60分鐘後&lt;30分鐘後",11,建議提前離場,自動
5057,2020-05-13 20:36:48.019,2020-05-13 20:36:50.673,大溪-交通疏導策略(離開大溪),-035 建議提前離開,035,X505450,候隊,往大溪交流道將壅塞，建議提前離開,0,2020-05-22 18:29:19,"即時&lt;30分鐘後&lt;60分鐘後
即時&lt;60分鐘後&lt;30分鐘後",11,建議提前離場,自動
5057,2020-05-13 20:36:48.017,2020-05-13 20:36:50.673,大溪-交通疏導策略(離開大溪),-035 建議提前離開,035,X505440,候隊,往大溪交流道將壅塞，建議提前離開,0,2020-05-22 18:29:19,"即時&lt;30分鐘後&lt;60分鐘後
即時&lt;60分鐘後&lt;30分鐘後",11,建議提前離場,自動
5057,2020-05-13 20:36:47.957,2020-05-13 20:36:50.673,大溪-交通疏導策略(離開大溪),-035 建議提前離開,035,X505430,候隊,往大溪交流道將壅塞，建議提前離開,0,2020-05-22 18:29:19,"即時&lt;30分鐘後&lt;60分鐘後
即時&lt;60分鐘後&lt;30分鐘後",11,建議提前離場,自動
5051,2020-05-13 19:38:59.922,2020-05-13 20:28:12.188,大溪-交通疏導策略(離開大溪),-037 建議一小時後離場,037,X505740,候隊,往大溪交流道壅塞，建議一小時後離場,0,2020-05-22 18:29:19,"60分鐘後&lt;30分鐘後
60分鐘後&lt;30分鐘後",11,建議一小時後離場,自動
5051,2020-05-13 19:38:59.921,2020-05-13 20:28:12.188,大溪-交通疏導策略(離開大溪),-037 建議一小時後離場,037,X505600,候隊,往大溪交流道壅塞，建議一小時後離場,0,2020-05-22 18:29:19,"60分鐘後&lt;30分鐘後
60分鐘後&lt;30分鐘後",11,建議一小時後離場,自動
5051,2020-05-13 19:38:59.919,2020-05-13 20:28:12.188,大溪-交通疏導策略(離開大溪),-037 建議一小時後離場,037,X505450,候隊,往大溪交流道壅塞，建議一小時後離場,0,2020-05-22 18:29:19,"60分鐘後&lt;30分鐘後
60分鐘後&lt;30分鐘後",11,建議一小時後離場,自動
5051,2020-05-13 19:38:59.917,2020-05-13 20:28:12.188,大溪-交通疏導策略(離開大溪),-037 建議一小時後離場,037,X505440,候隊,往大溪交流道壅塞，建議一小時後離場,0,2020-05-22 18:29:19,"60分鐘後&lt;30分鐘後
60分鐘後&lt;30分鐘後",11,建議一小時後離場,自動
5051,2020-05-13 19:38:59.906,2020-05-13 20:28:12.188,大溪-交通疏導策略(離開大溪),-037 建議一小時後離場,037,X505430,候隊,往大溪交流道壅塞，建議一小時後離場,0,2020-05-22 18:29:19,"60分鐘後&lt;30分鐘後
60分鐘後&lt;30分鐘後",11,建議一小時後離場,自動
5053,2020-05-13 19:12:26.175,2020-05-13 19:38:47.75,大溪-交通疏導策略(進入大溪),-038 停車資訊發布,038,X510720,候隊,月眉停車場    橋頭停車場    皆有空位,0,2020-05-22 18:29:19,月眉&gt;0，橋頭&gt;0,12,停車資訊發布,自動
5053,2020-05-13 19:12:26.174,2020-05-13 19:38:47.75,大溪-交通疏導策略(進入大溪),-038 停車資訊發布,038,X505010,候隊,月眉停車場    橋頭停車場    皆有空位,0,2020-05-22 18:29:19,月眉&gt;0，橋頭&gt;0,12,停車資訊發布,自動
5053,2020-05-13 19:12:26.173,2020-05-13 19:38:47.75,大溪-交通疏導策略(進入大溪),-038 停車資訊發布,038,X501040,候隊,月眉P   橋頭P   皆有空位,0,2020-05-22 18:29:19,月眉&gt;0，橋頭&gt;0,12,停車資訊發布,自動
5053,2020-05-13 19:12:26.173,2020-05-13 19:38:47.75,大溪-交通疏導策略(進入大溪),-038 停車資訊發布,038,X-68000-104,候隊,月眉停車場  橋頭停車場  皆有空位,0,2020-05-22 18:29:19,月眉&gt;0，橋頭&gt;0,12,停車資訊發布,自動
5053,2020-05-13 19:12:26.171,2020-05-13 19:38:47.75,大溪-交通疏導策略(進入大溪),-038 停車資訊發布,038,X-68000-102,候隊,月眉停車場  橋頭停車場  皆有空位,0,2020-05-22 18:29:19,月眉&gt;0，橋頭&gt;0,12,停車資訊發布,自動
5053,2020-05-13 19:12:26.169,2020-05-13 19:38:47.75,大溪-交通疏導策略(進入大溪),-038 停車資訊發布,038,X-68000-101,候隊,月眉停車場  橋頭停車場  皆有空位,0,2020-05-22 18:29:19,月眉&gt;0，橋頭&gt;0,12,停車資訊發布,自動
5052,2020-05-13 19:11:26.763,2020-05-13 19:38:49.634,大溪-交通疏導策略(替代道路路徑導引),-034 大溪疏導策略-替代路徑導引(三元一街),034,T502460,候隊,前往大溪老街，經崎頂極壅塞，請走三元一街,0,2020-05-22 18:29:19,大溪疏導策略-替代路徑導引(三元一街),09,替代路徑導引(導三元一街),自動
5052,2020-05-13 19:11:26.762,2020-05-13 19:38:49.634,大溪-交通疏導策略(替代道路路徑導引),-034 大溪疏導策略-替代路徑導引(三元一街),034,T502070,候隊,前往大溪老街，經崎頂極壅塞，請走三元一街,0,2020-05-22 18:29:19,大溪疏導策略-替代路徑導引(三元一街),09,替代路徑導引(導三元一街),自動
5052,2020-05-13 19:11:26.76,2020-05-13 19:38:49.634,大溪-交通疏導策略(替代道路路徑導引),-034 大溪疏導策略-替代路徑導引(三元一街),034,X502620,候隊,前往大溪老街  經崎頂極度壅塞請走三元一街,0,2020-05-22 18:29:19,大溪疏導策略-替代路徑導引(三元一街),09,替代路徑導引(導三元一街),自動
5052,2020-05-13 19:11:26.73,2020-05-13 19:38:49.634,大溪-交通疏導策略(替代道路路徑導引),-034 大溪疏導策略-替代路徑導引(三元一街),034,X-68000-104,候隊,前往大溪老街經崎頂極壅塞請走三元一街,0,2020-05-22 18:29:19,大溪疏導策略-替代路徑導引(三元一街),09,替代路徑導引(導三元一街),自動
5050,2020-05-13 19:06:01.772,2020-05-13 19:09:03.399,大溪-交通疏導策略(離開大溪),-037 建議一小時後離場,037,X505740,候隊,往大溪交流道壅塞，建議一小時後離場,0,2020-05-22 18:29:19,"60分鐘後&lt;30分鐘後
60分鐘後&lt;30分鐘後",11,建議一小時後離場,自動
5050,2020-05-13 19:06:01.77,2020-05-13 19:09:03.399,大溪-交通疏導策略(離開大溪),-037 建議一小時後離場,037,X505600,候隊,往大溪交流道壅塞，建議一小時後離場,0,2020-05-22 18:29:19,"60分鐘後&lt;30分鐘後
60分鐘後&lt;30分鐘後",11,建議一小時後離場,自動
5050,2020-05-13 19:06:01.769,2020-05-13 19:09:03.399,大溪-交通疏導策略(離開大溪),-037 建議一小時後離場,037,X505450,候隊,往大溪交流道壅塞，建議一小時後離場,0,2020-05-22 18:29:19,"60分鐘後&lt;30分鐘後
60分鐘後&lt;30分鐘後",11,建議一小時後離場,自動
5050,2020-05-13 19:06:01.766,2020-05-13 19:09:03.399,大溪-交通疏導策略(離開大溪),-037 建議一小時後離場,037,X505440,候隊,往大溪交流道壅塞，建議一小時後離場,0,2020-05-22 18:29:19,"60分鐘後&lt;30分鐘後
60分鐘後&lt;30分鐘後",11,建議一小時後離場,自動
5050,2020-05-13 19:06:01.723,2020-05-13 19:09:03.399,大溪-交通疏導策略(離開大溪),-037 建議一小時後離場,037,X505430,候隊,往大溪交流道壅塞，建議一小時後離場,0,2020-05-22 18:29:19,"60分鐘後&lt;30分鐘後
60分鐘後&lt;30分鐘後",11,建議一小時後離場,自動
5049,2020-05-13 18:51:12.126,2020-05-13 19:09:37.425,大溪-交通疏導策略(替代道路路徑導引),-034 大溪疏導策略-替代路徑導引(三元一街),034,T502460,候隊,前往大溪老街，經崎頂極壅塞，請走三元一街,0,2020-05-22 18:29:19,大溪疏導策略-替代路徑導引(三元一街),09,替代路徑導引(導三元一街),自動
5049,2020-05-13 18:51:12.124,2020-05-13 19:09:37.425,大溪-交通疏導策略(替代道路路徑導引),-034 大溪疏導策略-替代路徑導引(三元一街),034,T502070,候隊,前往大溪老街，經崎頂極壅塞，請走三元一街,0,2020-05-22 18:29:19,大溪疏導策略-替代路徑導引(三元一街),09,替代路徑導引(導三元一街),自動
5049,2020-05-13 18:51:12.122,2020-05-13 19:09:37.425,大溪-交通疏導策略(替代道路路徑導引),-034 大溪疏導策略-替代路徑導引(三元一街),034,X502620,候隊,前往大溪老街  經崎頂極度壅塞請走三元一街,0,2020-05-22 18:29:19,大溪疏導策略-替代路徑導引(三元一街),09,替代路徑導引(導三元一街),自動
5049,2020-05-13 18:51:12.068,2020-05-13 19:09:37.425,大溪-交通疏導策略(替代道路路徑導引),-034 大溪疏導策略-替代路徑導引(三元一街),034,X-68000-104,候隊,前往大溪老街經崎頂極壅塞請走三元一街,0,2020-05-22 18:29:19,大溪疏導策略-替代路徑導引(三元一街),09,替代路徑導引(導三元一街),自動
5047,2020-05-13 18:44:08.667,2020-05-13 18:46:32.298,大溪-動態TOD(崎頂),大溪-動態TOD(崎頂)-003 平假日離峰(1-1)：週期不變，調整時比(1),003,S521600,候隊,38,0,2020-05-22 18:29:19,平假日離峰：週期不變，調整時比(主要時相達門檻),03,01平假日離峰(1-1)：週期不變，調整時比(1),自動
5047,2020-05-13 18:44:08.666,2020-05-13 18:46:32.298,大溪-動態TOD(崎頂),大溪-動態TOD(崎頂)-003 平假日離峰(1-1)：週期不變，調整時比(1),003,S521300,候隊,38,0,2020-05-22 18:29:19,平假日離峰：週期不變，調整時比(主要時相達門檻),03,01平假日離峰(1-1)：週期不變，調整時比(1),自動
5047,2020-05-13 18:44:08.664,2020-05-13 18:46:32.298,大溪-動態TOD(崎頂),大溪-動態TOD(崎頂)-003 平假日離峰(1-1)：週期不變，調整時比(1),003,S521200,候隊,38,0,2020-05-22 18:29:19,平假日離峰：週期不變，調整時比(主要時相達門檻),03,01平假日離峰(1-1)：週期不變，調整時比(1),自動
5047,2020-05-13 18:44:08.663,2020-05-13 18:46:32.298,大溪-動態TOD(崎頂),大溪-動態TOD(崎頂)-003 平假日離峰(1-1)：週期不變，調整時比(1),003,S501500,候隊,38,0,2020-05-22 18:29:19,平假日離峰：週期不變，調整時比(主要時相達門檻),03,01平假日離峰(1-1)：週期不變，調整時比(1),自動
5047,2020-05-13 18:44:08.661,2020-05-13 18:46:32.298,大溪-動態TOD(崎頂),大溪-動態TOD(崎頂)-003 平假日離峰(1-1)：週期不變，調整時比(1),003,S501400,候隊,38,0,2020-05-22 18:29:19,平假日離峰：週期不變，調整時比(主要時相達門檻),03,01平假日離峰(1-1)：週期不變，調整時比(1),自動
5047,2020-05-13 18:44:08.61,2020-05-13 18:46:32.298,大溪-動態TOD(崎頂),大溪-動態TOD(崎頂)-003 平假日離峰(1-1)：週期不變，調整時比(1),003,S501300,候隊,38,0,2020-05-22 18:29:19,平假日離峰：週期不變，調整時比(主要時相達門檻),03,01平假日離峰(1-1)：週期不變，調整時比(1),自動
5046,2020-05-13 17:23:50.067,2020-05-13 17:27:39.611,大溪-動態TOD(崎頂),大溪-動態TOD(崎頂)-003 平假日離峰(1-1)：週期不變，調整時比(1),003,S521600,候隊,38,0,2020-05-22 18:29:19,平假日離峰：週期不變，調整時比(主要時相達門檻),03,01平假日離峰(1-1)：週期不變，調整時比(1),自動
5046,2020-05-13 17:23:50.065,2020-05-13 17:27:39.611,大溪-動態TOD(崎頂),大溪-動態TOD(崎頂)-003 平假日離峰(1-1)：週期不變，調整時比(1),003,S521300,候隊,38,0,2020-05-22 18:29:19,平假日離峰：週期不變，調整時比(主要時相達門檻),03,01平假日離峰(1-1)：週期不變，調整時比(1),自動
5046,2020-05-13 17:23:50.064,2020-05-13 17:27:39.611,大溪-動態TOD(崎頂),大溪-動態TOD(崎頂)-003 平假日離峰(1-1)：週期不變，調整時比(1),003,S521200,候隊,38,0,2020-05-22 18:29:19,平假日離峰：週期不變，調整時比(主要時相達門檻),03,01平假日離峰(1-1)：週期不變，調整時比(1),自動
5046,2020-05-13 17:23:50.062,2020-05-13 17:27:39.611,大溪-動態TOD(崎頂),大溪-動態TOD(崎頂)-003 平假日離峰(1-1)：週期不變，調整時比(1),003,S501500,候隊,38,0,2020-05-22 18:29:19,平假日離峰：週期不變，調整時比(主要時相達門檻),03,01平假日離峰(1-1)：週期不變，調整時比(1),自動
5046,2020-05-13 17:23:50.06,2020-05-13 17:27:39.611,大溪-動態TOD(崎頂),大溪-動態TOD(崎頂)-003 平假日離峰(1-1)：週期不變，調整時比(1),003,S501400,候隊,38,0,2020-05-22 18:29:19,平假日離峰：週期不變，調整時比(主要時相達門檻),03,01平假日離峰(1-1)：週期不變，調整時比(1),自動
5046,2020-05-13 17:23:49.954,2020-05-13 17:27:39.611,大溪-動態TOD(崎頂),大溪-動態TOD(崎頂)-003 平假日離峰(1-1)：週期不變，調整時比(1),003,S501300,候隊,38,0,2020-05-22 18:29:19,平假日離峰：週期不變，調整時比(主要時相達門檻),03,01平假日離峰(1-1)：週期不變，調整時比(1),自動
5145,2020-05-22 18:36:39.236,2020-05-22 18:37:33.294,大溪-動態TOD(慈康陸橋_主控群組),大溪-動態TOD(慈康陸橋_主控群組)-056 測試反應計畫,056,cctv088,候隊,浮水印測試,0,2020-05-22 18:36:58,反應計畫測試_CCTV浮水印,05,測試反應計畫,自動
5161,2020-05-25 22:50:48.895,2020-05-25 22:55:32.085,大溪-動態TOD(慈康陸橋_配合群組),大溪-動態TOD(慈康陸橋_配合群組)-006 01平日離峰(1-1)：週期不變，調整時比(1),006,S506700,候隊,38,0,2020-05-25 22:51:04,平日離峰：週期不變，調整時比(主要時相達門檻),06,01平日離峰(1-1)：週期不變，調整時比(1),自動
5161,2020-05-25 22:50:49.292,2020-05-25 22:55:32.085,大溪-動態TOD(慈康陸橋_配合群組),大溪-動態TOD(慈康陸橋_配合群組)-006 01平日離峰(1-1)：週期不變，調整時比(1),006,S506800,候隊,38,0,2020-05-25 22:51:04,平日離峰：週期不變，調整時比(主要時相達門檻),06,01平日離峰(1-1)：週期不變，調整時比(1),自動
5161,2020-05-25 22:50:49.293,2020-05-25 22:55:32.085,大溪-動態TOD(慈康陸橋_配合群組),大溪-動態TOD(慈康陸橋_配合群組)-006 01平日離峰(1-1)：週期不變，調整時比(1),006,S506900,候隊,38,0,2020-05-25 22:51:04,平日離峰：週期不變，調整時比(主要時相達門檻),06,01平日離峰(1-1)：週期不變，調整時比(1),自動
5161,2020-05-25 22:50:49.295,2020-05-25 22:55:32.085,大溪-動態TOD(慈康陸橋_配合群組),大溪-動態TOD(慈康陸橋_配合群組)-006 01平日離峰(1-1)：週期不變，調整時比(1),006,S507100,候隊,38,0,2020-05-25 22:51:04,平日離峰：週期不變，調整時比(主要時相達門檻),06,01平日離峰(1-1)：週期不變，調整時比(1),自動
5205,2020-06-03 18:54:13.929,2020-06-03 19:11:01.619,大溪-動態TOD(慈康陸橋_配合群組),大溪-動態TOD(慈康陸橋_配合群組)-027 03平日離峰(1-3)：週期不變，調整時比(3),027,S506700,候隊,40,0,2020-06-03 18:54:27,平日離峰：週期不變，調整時比(主要及次要時相達門檻),06,03平日離峰(1-3)：週期不變，調整時比(3),自動
5177,2020-06-01 17:50:32.944,2020-06-01 17:54:32.783,大溪-交通疏導策略(替代道路路徑導引),大溪-交通疏導策略(替代道路路徑導引)-057 導引計畫測試,057,X-68000-101,候隊,CMS 訊息發布中，請注意,0,2020-06-01 17:50:46,壅塞導引計畫測試_儀表板,09,導引計畫測試,自動
5177,2020-06-01 17:50:33.069,2020-06-01 17:54:32.783,大溪-交通疏導策略(替代道路路徑導引),大溪-交通疏導策略(替代道路路徑導引)-057 導引計畫測試,057,X-68000-103,候隊,CMS 訊息發布中，請注意,0,2020-06-01 17:50:46,壅塞導引計畫測試_儀表板,09,導引計畫測試,自動
5147,2020-05-23 19:50:31.742,2020-05-23 19:58:31.432,大溪-交通疏導策略(替代道路路徑導引),大溪-交通疏導策略(替代道路路徑導引)-057 導引計畫測試,057,cctv016,候隊,浮水印測試,0,2020-05-23 19:50:47,壅塞導引計畫測試_儀表板,09,導引計畫測試,自動
5147,2020-05-23 19:50:31.745,2020-05-23 19:58:31.432,大溪-交通疏導策略(替代道路路徑導引),大溪-交通疏導策略(替代道路路徑導引)-057 導引計畫測試,057,cctv112,候隊,浮水印測試,0,2020-05-23 19:50:47,壅塞導引計畫測試_儀表板,09,導引計畫測試,自動
5147,2020-05-23 19:50:31.704,2020-05-23 19:58:31.432,大溪-交通疏導策略(替代道路路徑導引),大溪-交通疏導策略(替代道路路徑導引)-057 導引計畫測試,057,X-68000-101,候隊,CMS 訊息發布中，請注意,0,2020-05-23 19:50:47,壅塞導引計畫測試_儀表板,09,導引計畫測試,自動
5201,2020-06-03 16:17:48.614,2020-06-03 17:01:05.579,測試,測試-058 測試計畫,058,S506800,候隊,40,0,2020-06-03 16:18:03,,13,測試計畫,自動
5205,2020-06-03 18:54:14.204,2020-06-03 19:11:01.619,大溪-動態TOD(慈康陸橋_配合群組),大溪-動態TOD(慈康陸橋_配合群組)-027 03平日離峰(1-3)：週期不變，調整時比(3),027,S506800,候隊,40,0,2020-06-03 18:54:27,平日離峰：週期不變，調整時比(主要及次要時相達門檻),06,03平日離峰(1-3)：週期不變，調整時比(3),自動
5205,2020-06-03 18:54:14.206,2020-06-03 19:11:01.619,大溪-動態TOD(慈康陸橋_配合群組),大溪-動態TOD(慈康陸橋_配合群組)-027 03平日離峰(1-3)：週期不變，調整時比(3),027,S506900,候隊,40,0,2020-06-03 18:54:27,平日離峰：週期不變，調整時比(主要及次要時相達門檻),06,03平日離峰(1-3)：週期不變，調整時比(3),自動
5205,2020-06-03 18:54:14.207,2020-06-03 19:11:01.619,大溪-動態TOD(慈康陸橋_配合群組),大溪-動態TOD(慈康陸橋_配合群組)-027 03平日離峰(1-3)：週期不變，調整時比(3),027,S507100,候隊,40,0,2020-06-03 18:54:27,平日離峰：週期不變，調整時比(主要及次要時相達門檻),06,03平日離峰(1-3)：週期不變，調整時比(3),自動
5147,2020-05-23 19:50:31.74,2020-05-23 19:58:31.432,大溪-交通疏導策略(替代道路路徑導引),大溪-交通疏導策略(替代道路路徑導引)-057 導引計畫測試,057,X-68000-103,候隊,CMS 訊息發布中，請注意,0,2020-05-23 19:50:47,壅塞導引計畫測試_儀表板,09,導引計畫測試,自動
5188,2020-06-02 21:10:30.318,2020-06-02 21:23:32.988,大溪-動態TOD(崎頂),大溪-動態TOD(崎頂)-011 03平假日離峰(1-3)：週期不變，調整時比(3),011,S521600,候隊,40,0,2020-06-02 21:10:37,平假日離峰：週期不變，調整時比(主要及次要時相達門檻),03,03平假日離峰(1-3)：週期不變，調整時比(3),自動
5156,2020-05-25 18:38:32.617,2020-05-25 19:03:32.116,大溪-交通疏導策略(替代道路路徑導引),大溪-交通疏導策略(替代道路路徑導引)-057 導引計畫測試,057,cctv016,候隊,浮水印測試,0,2020-05-25 18:38:40,壅塞導引計畫測試_儀表板,09,導引計畫測試,自動
5154,2020-05-25 18:31:32.738,2020-05-25 18:34:31.831,大溪-交通疏導策略(替代道路路徑導引),大溪-交通疏導策略(替代道路路徑導引)-057 導引計畫測試,057,cctv016,候隊,浮水印測試,0,2020-05-25 18:31:36,壅塞導引計畫測試_儀表板,09,導引計畫測試,自動
5154,2020-05-25 18:31:32.739,2020-05-25 18:34:31.831,大溪-交通疏導策略(替代道路路徑導引),大溪-交通疏導策略(替代道路路徑導引)-057 導引計畫測試,057,cctv112,候隊,浮水印測試,0,2020-05-25 18:31:36,壅塞導引計畫測試_儀表板,09,導引計畫測試,自動
5154,2020-05-25 18:31:32.654,2020-05-25 18:34:31.831,大溪-交通疏導策略(替代道路路徑導引),大溪-交通疏導策略(替代道路路徑導引)-057 導引計畫測試,057,X-68000-101,候隊,CMS 訊息發布中，請注意,0,2020-05-25 18:31:36,壅塞導引計畫測試_儀表板,09,導引計畫測試,自動
5154,2020-05-25 18:31:32.736,2020-05-25 18:34:31.831,大溪-交通疏導策略(替代道路路徑導引),大溪-交通疏導策略(替代道路路徑導引)-057 導引計畫測試,057,X-68000-103,候隊,CMS 訊息發布中，請注意,0,2020-05-25 18:31:36,壅塞導引計畫測試_儀表板,09,導引計畫測試,自動
5156,2020-05-25 18:38:32.628,2020-05-25 19:03:32.116,大溪-交通疏導策略(替代道路路徑導引),大溪-交通疏導策略(替代道路路徑導引)-057 導引計畫測試,057,cctv112,候隊,浮水印測試,0,2020-05-25 18:38:40,壅塞導引計畫測試_儀表板,09,導引計畫測試,自動
5156,2020-05-25 18:38:32.458,2020-05-25 19:03:32.116,大溪-交通疏導策略(替代道路路徑導引),大溪-交通疏導策略(替代道路路徑導引)-057 導引計畫測試,057,X-68000-101,候隊,CMS 訊息發布中，請注意,0,2020-05-25 18:38:40,壅塞導引計畫測試_儀表板,09,導引計畫測試,自動
5155,2020-05-25 18:35:32.706,2020-05-25 18:36:31.547,大溪-交通疏導策略(替代道路路徑導引),大溪-交通疏導策略(替代道路路徑導引)-057 導引計畫測試,057,cctv016,候隊,浮水印測試,0,2020-05-25 18:35:38,壅塞導引計畫測試_儀表板,09,導引計畫測試,自動
5155,2020-05-25 18:35:32.708,2020-05-25 18:36:31.547,大溪-交通疏導策略(替代道路路徑導引),大溪-交通疏導策略(替代道路路徑導引)-057 導引計畫測試,057,cctv112,候隊,浮水印測試,0,2020-05-25 18:35:38,壅塞導引計畫測試_儀表板,09,導引計畫測試,自動
5155,2020-05-25 18:35:32.676,2020-05-25 18:36:31.547,大溪-交通疏導策略(替代道路路徑導引),大溪-交通疏導策略(替代道路路徑導引)-057 導引計畫測試,057,X-68000-101,候隊,CMS 訊息發布中，請注意,0,2020-05-25 18:35:38,壅塞導引計畫測試_儀表板,09,導引計畫測試,自動
5155,2020-05-25 18:35:32.705,2020-05-25 18:36:31.547,大溪-交通疏導策略(替代道路路徑導引),大溪-交通疏導策略(替代道路路徑導引)-057 導引計畫測試,057,X-68000-103,候隊,CMS 訊息發布中，請注意,0,2020-05-25 18:35:38,壅塞導引計畫測試_儀表板,09,導引計畫測試,自動
5156,2020-05-25 18:38:32.512,2020-05-25 19:03:32.116,大溪-交通疏導策略(替代道路路徑導引),大溪-交通疏導策略(替代道路路徑導引)-057 導引計畫測試,057,X-68000-103,候隊,CMS 訊息發布中，請注意,0,2020-05-25 18:38:40,壅塞導引計畫測試_儀表板,09,導引計畫測試,自動
5157,2020-05-25 21:38:34.025,2020-05-25 21:47:03.957,大溪-動態TOD(慈康陸橋_主控群組),大溪-動態TOD(慈康陸橋_主控群組)-019 03平假日離峰(1-3)：週期不變，調整時比(3),019,S506600,候隊,40,0,2020-05-25 21:38:35,平假日離峰：週期不變，調整時比(主要及次要時相達門檻),05,03平假日離峰(1-3)：週期不變，調整時比(3),自動
5157,2020-05-25 21:38:34.026,2020-05-25 21:47:03.957,大溪-動態TOD(慈康陸橋_主控群組),大溪-動態TOD(慈康陸橋_主控群組)-019 03平假日離峰(1-3)：週期不變，調整時比(3),019,S523400,候隊,40,0,2020-05-25 21:38:35,平假日離峰：週期不變，調整時比(主要及次要時相達門檻),05,03平假日離峰(1-3)：週期不變，調整時比(3),自動
5214,2020-06-21 00:01:33.396,,大溪-交通疏導策略(進入大溪),大溪-交通疏導策略(進入大溪)-038 停車資訊發布,038,X510720,候隊,月眉停車場    橋頭停車場    皆有空位,1,2020-06-21 00:01:37,月眉&gt;0，橋頭&gt;0,12,停車資訊發布,自動
5188,2020-06-02 21:10:30.317,2020-06-02 21:23:32.988,大溪-動態TOD(崎頂),大溪-動態TOD(崎頂)-011 03平假日離峰(1-3)：週期不變，調整時比(3),011,S521300,候隊,40,0,2020-06-02 21:10:37,平假日離峰：週期不變，調整時比(主要及次要時相達門檻),03,03平假日離峰(1-3)：週期不變，調整時比(3),自動
5188,2020-06-02 21:10:30.316,2020-06-02 21:23:32.988,大溪-動態TOD(崎頂),大溪-動態TOD(崎頂)-011 03平假日離峰(1-3)：週期不變，調整時比(3),011,S521200,候隊,40,0,2020-06-02 21:10:37,平假日離峰：週期不變，調整時比(主要及次要時相達門檻),03,03平假日離峰(1-3)：週期不變，調整時比(3),自動
5203,2020-06-03 18:16:12.775,2020-06-03 18:36:03.726,大溪-動態TOD(慈康陸橋_配合群組),大溪-動態TOD(慈康陸橋_配合群組)-027 03平日離峰(1-3)：週期不變，調整時比(3),027,S506700,候隊,40,0,2020-06-03 18:16:17,平日離峰：週期不變，調整時比(主要及次要時相達門檻),06,03平日離峰(1-3)：週期不變，調整時比(3),自動
5203,2020-06-03 18:16:12.981,2020-06-03 18:36:03.726,大溪-動態TOD(慈康陸橋_配合群組),大溪-動態TOD(慈康陸橋_配合群組)-027 03平日離峰(1-3)：週期不變，調整時比(3),027,S506800,候隊,40,0,2020-06-03 18:16:17,平日離峰：週期不變，調整時比(主要及次要時相達門檻),06,03平日離峰(1-3)：週期不變，調整時比(3),自動
5203,2020-06-03 18:16:12.983,2020-06-03 18:36:03.726,大溪-動態TOD(慈康陸橋_配合群組),大溪-動態TOD(慈康陸橋_配合群組)-027 03平日離峰(1-3)：週期不變，調整時比(3),027,S506900,候隊,40,0,2020-06-03 18:16:17,平日離峰：週期不變，調整時比(主要及次要時相達門檻),06,03平日離峰(1-3)：週期不變，調整時比(3),自動
5203,2020-06-03 18:16:12.985,2020-06-03 18:36:03.726,大溪-動態TOD(慈康陸橋_配合群組),大溪-動態TOD(慈康陸橋_配合群組)-027 03平日離峰(1-3)：週期不變，調整時比(3),027,S507100,候隊,40,0,2020-06-03 18:16:17,平日離峰：週期不變，調整時比(主要及次要時相達門檻),06,03平日離峰(1-3)：週期不變，調整時比(3),自動
5214,2020-06-21 00:01:33.395,,大溪-交通疏導策略(進入大溪),大溪-交通疏導策略(進入大溪)-038 停車資訊發布,038,X505010,候隊,月眉停車場    橋頭停車場    皆有空位,1,2020-06-21 00:01:37,月眉&gt;0，橋頭&gt;0,12,停車資訊發布,自動
5214,2020-06-21 00:01:33.393,,大溪-交通疏導策略(進入大溪),大溪-交通疏導策略(進入大溪)-038 停車資訊發布,038,X501040,候隊,月眉P   橋頭P   皆有空位,1,2020-06-21 00:01:37,月眉&gt;0，橋頭&gt;0,12,停車資訊發布,自動
5192,2020-06-02 22:07:34.893,2020-06-02 22:08:14.616,大溪-動態TOD(慈康陸橋_配合群組),大溪-動態TOD(慈康陸橋_配合群組)-027 03平日離峰(1-3)：週期不變，調整時比(3),027,S507100,候隊,40,0,2020-06-03 00:24:15,平日離峰：週期不變，調整時比(主要及次要時相達門檻),06,03平日離峰(1-3)：週期不變，調整時比(3),自動
5192,2020-06-02 22:07:34.891,2020-06-02 22:08:14.616,大溪-動態TOD(慈康陸橋_配合群組),大溪-動態TOD(慈康陸橋_配合群組)-027 03平日離峰(1-3)：週期不變，調整時比(3),027,S506900,候隊,40,0,2020-06-03 00:24:15,平日離峰：週期不變，調整時比(主要及次要時相達門檻),06,03平日離峰(1-3)：週期不變，調整時比(3),自動
5192,2020-06-02 22:07:34.889,2020-06-02 22:08:14.616,大溪-動態TOD(慈康陸橋_配合群組),大溪-動態TOD(慈康陸橋_配合群組)-027 03平日離峰(1-3)：週期不變，調整時比(3),027,S506800,候隊,40,0,2020-06-03 00:24:15,平日離峰：週期不變，調整時比(主要及次要時相達門檻),06,03平日離峰(1-3)：週期不變，調整時比(3),自動
5192,2020-06-02 22:07:34.751,2020-06-02 22:08:14.616,大溪-動態TOD(慈康陸橋_配合群組),大溪-動態TOD(慈康陸橋_配合群組)-027 03平日離峰(1-3)：週期不變，調整時比(3),027,S506700,候隊,40,0,2020-06-03 00:24:15,平日離峰：週期不變，調整時比(主要及次要時相達門檻),06,03平日離峰(1-3)：週期不變，調整時比(3),自動
5214,2020-06-21 00:01:33.392,,大溪-交通疏導策略(進入大溪),大溪-交通疏導策略(進入大溪)-038 停車資訊發布,038,X-68000-104,候隊,月眉停車場  橋頭停車場  皆有空位,1,2020-06-21 00:01:37,月眉&gt;0，橋頭&gt;0,12,停車資訊發布,自動
5214,2020-06-21 00:01:33.391,,大溪-交通疏導策略(進入大溪),大溪-交通疏導策略(進入大溪)-038 停車資訊發布,038,X-68000-102,候隊,月眉停車場  橋頭停車場  皆有空位,1,2020-06-21 00:01:37,月眉&gt;0，橋頭&gt;0,12,停車資訊發布,自動
5214,2020-06-21 00:01:33.294,,大溪-交通疏導策略(進入大溪),大溪-交通疏導策略(進入大溪)-038 停車資訊發布,038,X-68000-101,候隊,月眉停車場  橋頭停車場  皆有空位,1,2020-06-21 00:01:37,月眉&gt;0，橋頭&gt;0,12,停車資訊發布,自動
5157,2020-05-25 21:38:33.967,2020-05-25 21:47:03.957,大溪-動態TOD(慈康陸橋_主控群組),大溪-動態TOD(慈康陸橋_主控群組)-019 03平假日離峰(1-3)：週期不變，調整時比(3),019,S505400,候隊,40,0,2020-05-25 21:38:35,平假日離峰：週期不變，調整時比(主要及次要時相達門檻),05,03平假日離峰(1-3)：週期不變，調整時比(3),自動
5157,2020-05-25 21:38:34.019,2020-05-25 21:47:03.957,大溪-動態TOD(慈康陸橋_主控群組),大溪-動態TOD(慈康陸橋_主控群組)-019 03平假日離峰(1-3)：週期不變，調整時比(3),019,S505500,候隊,40,0,2020-05-25 21:38:35,平假日離峰：週期不變，調整時比(主要及次要時相達門檻),05,03平假日離峰(1-3)：週期不變，調整時比(3),自動
5157,2020-05-25 21:38:34.021,2020-05-25 21:47:03.957,大溪-動態TOD(慈康陸橋_主控群組),大溪-動態TOD(慈康陸橋_主控群組)-019 03平假日離峰(1-3)：週期不變，調整時比(3),019,S505600,候隊,40,0,2020-05-25 21:38:35,平假日離峰：週期不變，調整時比(主要及次要時相達門檻),05,03平假日離峰(1-3)：週期不變，調整時比(3),自動
5157,2020-05-25 21:38:34.023,2020-05-25 21:47:03.957,大溪-動態TOD(慈康陸橋_主控群組),大溪-動態TOD(慈康陸橋_主控群組)-019 03平假日離峰(1-3)：週期不變，調整時比(3),019,S505700,候隊,40,0,2020-05-25 21:38:35,平假日離峰：週期不變，調整時比(主要及次要時相達門檻),05,03平假日離峰(1-3)：週期不變，調整時比(3),自動
5177,2020-06-01 17:50:33.071,2020-06-01 17:54:32.783,大溪-交通疏導策略(替代道路路徑導引),大溪-交通疏導策略(替代道路路徑導引)-057 導引計畫測試,057,cctv016,候隊,浮水印測試,0,2020-06-01 17:50:46,壅塞導引計畫測試_儀表板,09,導引計畫測試,自動
5177,2020-06-01 17:50:33.072,2020-06-01 17:54:32.783,大溪-交通疏導策略(替代道路路徑導引),大溪-交通疏導策略(替代道路路徑導引)-057 導引計畫測試,057,cctv112,候隊,浮水印測試,0,2020-06-01 17:50:46,壅塞導引計畫測試_儀表板,09,導引計畫測試,自動
5158,2020-05-25 21:48:26.115,2020-05-25 21:50:31.274,大溪-動態TOD(慈康陸橋_主控群組),大溪-動態TOD(慈康陸橋_主控群組)-019 03平假日離峰(1-3)：週期不變，調整時比(3),019,S505400,候隊,40,0,2020-05-25 21:48:42,平假日離峰：週期不變，調整時比(主要及次要時相達門檻),05,03平假日離峰(1-3)：週期不變，調整時比(3),自動
5158,2020-05-25 21:48:26.13,2020-05-25 21:50:31.274,大溪-動態TOD(慈康陸橋_主控群組),大溪-動態TOD(慈康陸橋_主控群組)-019 03平假日離峰(1-3)：週期不變，調整時比(3),019,S505500,候隊,40,0,2020-05-25 21:48:42,平假日離峰：週期不變，調整時比(主要及次要時相達門檻),05,03平假日離峰(1-3)：週期不變，調整時比(3),自動
5158,2020-05-25 21:48:26.132,2020-05-25 21:50:31.274,大溪-動態TOD(慈康陸橋_主控群組),大溪-動態TOD(慈康陸橋_主控群組)-019 03平假日離峰(1-3)：週期不變，調整時比(3),019,S505600,候隊,40,0,2020-05-25 21:48:42,平假日離峰：週期不變，調整時比(主要及次要時相達門檻),05,03平假日離峰(1-3)：週期不變，調整時比(3),自動
5190,2020-06-02 21:53:52.973,2020-06-02 21:57:45.582,大溪-動態TOD(慈康陸橋_主控群組),大溪-動態TOD(慈康陸橋_主控群組)-019 03平假日離峰(1-3)：週期不變，調整時比(3),019,S505700,候隊,40,0,2020-06-02 21:54:01,平假日離峰：週期不變，調整時比(主要及次要時相達門檻),05,03平假日離峰(1-3)：週期不變，調整時比(3),自動
5190,2020-06-02 21:53:52.971,2020-06-02 21:57:45.582,大溪-動態TOD(慈康陸橋_主控群組),大溪-動態TOD(慈康陸橋_主控群組)-019 03平假日離峰(1-3)：週期不變，調整時比(3),019,S505600,候隊,40,0,2020-06-02 21:54:01,平假日離峰：週期不變，調整時比(主要及次要時相達門檻),05,03平假日離峰(1-3)：週期不變，調整時比(3),自動
5190,2020-06-02 21:53:52.969,2020-06-02 21:57:45.582,大溪-動態TOD(慈康陸橋_主控群組),大溪-動態TOD(慈康陸橋_主控群組)-019 03平假日離峰(1-3)：週期不變，調整時比(3),019,S505500,候隊,40,0,2020-06-02 21:54:01,平假日離峰：週期不變，調整時比(主要及次要時相達門檻),05,03平假日離峰(1-3)：週期不變，調整時比(3),自動
5158,2020-05-25 21:48:26.133,2020-05-25 21:50:31.274,大溪-動態TOD(慈康陸橋_主控群組),大溪-動態TOD(慈康陸橋_主控群組)-019 03平假日離峰(1-3)：週期不變，調整時比(3),019,S505700,候隊,40,0,2020-05-25 21:48:42,平假日離峰：週期不變，調整時比(主要及次要時相達門檻),05,03平假日離峰(1-3)：週期不變，調整時比(3),自動
5158,2020-05-25 21:48:26.135,2020-05-25 21:50:31.274,大溪-動態TOD(慈康陸橋_主控群組),大溪-動態TOD(慈康陸橋_主控群組)-019 03平假日離峰(1-3)：週期不變，調整時比(3),019,S506600,候隊,40,0,2020-05-25 21:48:42,平假日離峰：週期不變，調整時比(主要及次要時相達門檻),05,03平假日離峰(1-3)：週期不變，調整時比(3),自動
5158,2020-05-25 21:48:26.136,2020-05-25 21:50:31.274,大溪-動態TOD(慈康陸橋_主控群組),大溪-動態TOD(慈康陸橋_主控群組)-019 03平假日離峰(1-3)：週期不變，調整時比(3),019,S523400,候隊,40,0,2020-05-25 21:48:42,平假日離峰：週期不變，調整時比(主要及次要時相達門檻),05,03平假日離峰(1-3)：週期不變，調整時比(3),自動
5179,2020-06-01 18:26:35.534,2020-06-01 18:30:32.702,大溪-交通疏導策略(替代道路路徑導引),大溪-交通疏導策略(替代道路路徑導引)-057 導引計畫測試,057,cctv016,候隊,浮水印測試,0,2020-06-01 18:26:49,壅塞導引計畫測試_儀表板,09,導引計畫測試,自動
5179,2020-06-01 18:26:35.536,2020-06-01 18:30:32.702,大溪-交通疏導策略(替代道路路徑導引),大溪-交通疏導策略(替代道路路徑導引)-057 導引計畫測試,057,cctv112,候隊,浮水印測試,0,2020-06-01 18:26:49,壅塞導引計畫測試_儀表板,09,導引計畫測試,自動
5179,2020-06-01 18:26:35.533,2020-06-01 18:30:32.702,大溪-交通疏導策略(替代道路路徑導引),大溪-交通疏導策略(替代道路路徑導引)-057 導引計畫測試,057,X-68000-103,候隊,CMS 訊息發布中，請注意,0,2020-06-01 18:26:49,壅塞導引計畫測試_儀表板,09,導引計畫測試,自動
5180,2020-06-01 19:04:57.57,2020-06-01 19:05:29.068,大溪-交通疏導策略(進入大溪),大溪-交通疏導策略(進入大溪)-039 停車導引(導往月眉),039,X-68000-101,候隊,橋頭P 已滿  月眉P 未滿,0,2020-06-01 19:05:09,月眉&gt;0，橋頭&lt;0,12,停車導引(導往月眉),自動
5180,2020-06-01 19:04:57.613,2020-06-01 19:05:29.068,大溪-交通疏導策略(進入大溪),大溪-交通疏導策略(進入大溪)-039 停車導引(導往月眉),039,X-68000-102,候隊,橋頭P 已滿  月眉P 未滿,0,2020-06-01 19:05:09,月眉&gt;0，橋頭&lt;0,12,停車導引(導往月眉),自動
5180,2020-06-01 19:04:57.615,2020-06-01 19:05:29.068,大溪-交通疏導策略(進入大溪),大溪-交通疏導策略(進入大溪)-039 停車導引(導往月眉),039,X-68000-104,候隊,橋頭P 已滿  月眉P 未滿,0,2020-06-01 19:05:09,月眉&gt;0，橋頭&lt;0,12,停車導引(導往月眉),自動
5178,2020-06-01 18:00:33.024,2020-06-01 18:23:34.834,大溪-交通疏導策略(替代道路路徑導引),大溪-交通疏導策略(替代道路路徑導引)-057 導引計畫測試,057,cctv016,候隊,浮水印測試,0,2020-06-01 18:00:44,壅塞導引計畫測試_儀表板,09,導引計畫測試,自動
5178,2020-06-01 18:00:33.025,2020-06-01 18:23:34.834,大溪-交通疏導策略(替代道路路徑導引),大溪-交通疏導策略(替代道路路徑導引)-057 導引計畫測試,057,cctv112,候隊,浮水印測試,0,2020-06-01 18:00:44,壅塞導引計畫測試_儀表板,09,導引計畫測試,自動
5178,2020-06-01 18:00:32.983,2020-06-01 18:23:34.834,大溪-交通疏導策略(替代道路路徑導引),大溪-交通疏導策略(替代道路路徑導引)-057 導引計畫測試,057,X-68000-101,候隊,CMS 訊息發布中，請注意,0,2020-06-01 18:00:44,壅塞導引計畫測試_儀表板,09,導引計畫測試,自動
5178,2020-06-01 18:00:33.022,2020-06-01 18:23:34.834,大溪-交通疏導策略(替代道路路徑導引),大溪-交通疏導策略(替代道路路徑導引)-057 導引計畫測試,057,X-68000-103,候隊,CMS 訊息發布中，請注意,0,2020-06-01 18:00:44,壅塞導引計畫測試_儀表板,09,導引計畫測試,自動
5180,2020-06-01 19:04:57.617,2020-06-01 19:05:29.068,大溪-交通疏導策略(進入大溪),大溪-交通疏導策略(進入大溪)-039 停車導引(導往月眉),039,X501040,候隊,橋頭P 滿月眉P 空,0,2020-06-01 19:05:09,月眉&gt;0，橋頭&lt;0,12,停車導引(導往月眉),自動
5180,2020-06-01 19:04:57.619,2020-06-01 19:05:29.068,大溪-交通疏導策略(進入大溪),大溪-交通疏導策略(進入大溪)-039 停車導引(導往月眉),039,X505010,候隊,橋頭停車場已滿月眉停車場    尚有格位,0,2020-06-01 19:05:09,月眉&gt;0，橋頭&lt;0,12,停車導引(導往月眉),自動
5180,2020-06-01 19:04:57.621,2020-06-01 19:05:29.068,大溪-交通疏導策略(進入大溪),大溪-交通疏導策略(進入大溪)-039 停車導引(導往月眉),039,X510720,候隊,橋頭停車場已滿月眉停車場    尚有格位,0,2020-06-01 19:05:09,月眉&gt;0，橋頭&lt;0,12,停車導引(導往月眉),自動
5190,2020-06-02 21:59:52.978,2020-06-02 21:57:45.582,大溪-動態TOD(慈康陸橋_主控群組),大溪-動態TOD(慈康陸橋_主控群組)-019 03平假日離峰(1-3)：週期不變，調整時比(3),019,S523400,候隊,40,0,2020-06-02 21:54:01,平假日離峰：週期不變，調整時比(主要及次要時相達門檻),05,03平假日離峰(1-3)：週期不變，調整時比(3),自動
5190,2020-06-02 21:53:52.976,2020-06-02 21:57:45.582,大溪-動態TOD(慈康陸橋_主控群組),大溪-動態TOD(慈康陸橋_主控群組)-019 03平假日離峰(1-3)：週期不變，調整時比(3),019,S506600,候隊,40,0,2020-06-02 21:54:01,平假日離峰：週期不變，調整時比(主要及次要時相達門檻),05,03平假日離峰(1-3)：週期不變，調整時比(3),自動
5179,2020-06-01 18:26:35.497,2020-06-01 18:30:32.702,大溪-交通疏導策略(替代道路路徑導引),大溪-交通疏導策略(替代道路路徑導引)-057 導引計畫測試,057,X-68000-101,候隊,CMS 訊息發布中，請注意,0,2020-06-01 18:26:49,壅塞導引計畫測試_儀表板,09,導引計畫測試,自動
5182,2020-06-01 19:08:42.186,2020-06-01 19:09:07.675,大溪-交通疏導策略(離開大溪),大溪-交通疏導策略(離開大溪)-036 建議半小時後離場,036,X505430,候隊,往大溪交流道壅塞，建議半小時後離場,0,2020-06-01 19:08:54,"30分鐘後&lt;60分鐘後
30分鐘後&lt;60分鐘後",11,建議半小時後離場,自動
5159,2020-05-25 22:08:11.142,2020-05-25 22:15:32.295,大溪-動態TOD(慈康陸橋_配合群組),大溪-動態TOD(慈康陸橋_配合群組)-006 01平日離峰(1-1)：週期不變，調整時比(1),006,S506700,候隊,38,0,2020-05-25 22:08:14,平日離峰：週期不變，調整時比(主要時相達門檻),06,01平日離峰(1-1)：週期不變，調整時比(1),自動
5159,2020-05-25 22:08:11.216,2020-05-25 22:15:32.295,大溪-動態TOD(慈康陸橋_配合群組),大溪-動態TOD(慈康陸橋_配合群組)-006 01平日離峰(1-1)：週期不變，調整時比(1),006,S506800,候隊,38,0,2020-05-25 22:08:14,平日離峰：週期不變，調整時比(主要時相達門檻),06,01平日離峰(1-1)：週期不變，調整時比(1),自動
5159,2020-05-25 22:08:11.217,2020-05-25 22:15:32.295,大溪-動態TOD(慈康陸橋_配合群組),大溪-動態TOD(慈康陸橋_配合群組)-006 01平日離峰(1-1)：週期不變，調整時比(1),006,S506900,候隊,38,0,2020-05-25 22:08:14,平日離峰：週期不變，調整時比(主要時相達門檻),06,01平日離峰(1-1)：週期不變，調整時比(1),自動
5159,2020-05-25 22:08:11.219,2020-05-25 22:15:32.295,大溪-動態TOD(慈康陸橋_配合群組),大溪-動態TOD(慈康陸橋_配合群組)-006 01平日離峰(1-1)：週期不變，調整時比(1),006,S507100,候隊,38,0,2020-05-25 22:08:14,平日離峰：週期不變，調整時比(主要時相達門檻),06,01平日離峰(1-1)：週期不變，調整時比(1),自動
5182,2020-06-01 19:08:42.21,2020-06-01 19:09:07.675,大溪-交通疏導策略(離開大溪),大溪-交通疏導策略(離開大溪)-036 建議半小時後離場,036,X505440,候隊,往大溪交流道壅塞，建議半小時後離場,0,2020-06-01 19:08:54,"30分鐘後&lt;60分鐘後
30分鐘後&lt;60分鐘後",11,建議半小時後離場,自動
5182,2020-06-01 19:08:42.211,2020-06-01 19:09:07.675,大溪-交通疏導策略(離開大溪),大溪-交通疏導策略(離開大溪)-036 建議半小時後離場,036,X505450,候隊,往大溪交流道壅塞，建議半小時後離場,0,2020-06-01 19:08:54,"30分鐘後&lt;60分鐘後
30分鐘後&lt;60分鐘後",11,建議半小時後離場,自動
5182,2020-06-01 19:08:42.212,2020-06-01 19:09:07.675,大溪-交通疏導策略(離開大溪),大溪-交通疏導策略(離開大溪)-036 建議半小時後離場,036,X505600,候隊,往大溪交流道壅塞，建議半小時後離場,0,2020-06-01 19:08:54,"30分鐘後&lt;60分鐘後
30分鐘後&lt;60分鐘後",11,建議半小時後離場,自動
5182,2020-06-01 19:08:42.214,2020-06-01 19:09:07.675,大溪-交通疏導策略(離開大溪),大溪-交通疏導策略(離開大溪)-036 建議半小時後離場,036,X505740,候隊,往大溪交流道壅塞，建議半小時後離場,0,2020-06-01 19:08:54,"30分鐘後&lt;60分鐘後
30分鐘後&lt;60分鐘後",11,建議半小時後離場,自動
5196,2020-06-02 23:00:09.054,2020-06-02 23:01:05.586,大溪-交通疏導策略(進入大溪),大溪-交通疏導策略(進入大溪)-038 停車資訊發布,038,X-68000-104,候隊,月眉停車場  橋頭停車場  皆有空位,0,2020-06-02 23:00:28,月眉&gt;0，橋頭&gt;0,12,停車資訊發布,自動
5196,2020-06-02 23:00:09.055,2020-06-02 23:01:05.586,大溪-交通疏導策略(進入大溪),大溪-交通疏導策略(進入大溪)-038 停車資訊發布,038,X501040,候隊,月眉P   橋頭P   皆有空位,0,2020-06-02 23:00:28,月眉&gt;0，橋頭&gt;0,12,停車資訊發布,自動
5196,2020-06-02 23:00:09.057,2020-06-02 23:01:05.586,大溪-交通疏導策略(進入大溪),大溪-交通疏導策略(進入大溪)-038 停車資訊發布,038,X505010,候隊,月眉停車場    橋頭停車場    皆有空位,0,2020-06-02 23:00:28,月眉&gt;0，橋頭&gt;0,12,停車資訊發布,自動
5196,2020-06-02 23:00:09.058,2020-06-02 23:01:05.586,大溪-交通疏導策略(進入大溪),大溪-交通疏導策略(進入大溪)-038 停車資訊發布,038,X510720,候隊,月眉停車場    橋頭停車場    皆有空位,0,2020-06-02 23:00:28,月眉&gt;0，橋頭&gt;0,12,停車資訊發布,自動
5190,2020-06-02 21:53:52.805,2020-06-02 21:57:45.582,大溪-動態TOD(慈康陸橋_主控群組),大溪-動態TOD(慈康陸橋_主控群組)-019 03平假日離峰(1-3)：週期不變，調整時比(3),019,S505400,候隊,40,0,2020-06-02 21:54:01,平假日離峰：週期不變，調整時比(主要及次要時相達門檻),05,03平假日離峰(1-3)：週期不變，調整時比(3),自動
5206,2020-06-03 19:33:32.737,2020-06-03 19:37:55.75,大溪-動態TOD(慈康陸橋_配合群組),大溪-動態TOD(慈康陸橋_配合群組)-027 03平日離峰(1-3)：週期不變，調整時比(3),027,S507100,候隊,40,0,2020-06-03 19:33:48,平日離峰：週期不變，調整時比(主要及次要時相達門檻),06,03平日離峰(1-3)：週期不變，調整時比(3),自動
5160,2020-05-25 22:40:13.228,2020-05-25 22:44:31.505,大溪-動態TOD(慈康陸橋_配合群組),大溪-動態TOD(慈康陸橋_配合群組)-006 01平日離峰(1-1)：週期不變，調整時比(1),006,S506700,候隊,38,0,2020-05-25 22:40:18,平日離峰：週期不變，調整時比(主要時相達門檻),06,01平日離峰(1-1)：週期不變，調整時比(1),自動
5160,2020-05-25 22:40:14.119,2020-05-25 22:44:31.505,大溪-動態TOD(慈康陸橋_配合群組),大溪-動態TOD(慈康陸橋_配合群組)-006 01平日離峰(1-1)：週期不變，調整時比(1),006,S506800,候隊,38,0,2020-05-25 22:40:18,平日離峰：週期不變，調整時比(主要時相達門檻),06,01平日離峰(1-1)：週期不變，調整時比(1),自動
5160,2020-05-25 22:40:14.121,2020-05-25 22:44:31.505,大溪-動態TOD(慈康陸橋_配合群組),大溪-動態TOD(慈康陸橋_配合群組)-006 01平日離峰(1-1)：週期不變，調整時比(1),006,S506900,候隊,38,0,2020-05-25 22:40:18,平日離峰：週期不變，調整時比(主要時相達門檻),06,01平日離峰(1-1)：週期不變，調整時比(1),自動
5160,2020-05-25 22:40:14.122,2020-05-25 22:44:31.505,大溪-動態TOD(慈康陸橋_配合群組),大溪-動態TOD(慈康陸橋_配合群組)-006 01平日離峰(1-1)：週期不變，調整時比(1),006,S507100,候隊,38,0,2020-05-25 22:40:18,平日離峰：週期不變，調整時比(主要時相達門檻),06,01平日離峰(1-1)：週期不變，調整時比(1),自動
5187,2020-06-02 21:03:25.517,2020-06-02 21:08:43.568,大溪-動態TOD(崎頂),大溪-動態TOD(崎頂)-011 03平假日離峰(1-3)：週期不變，調整時比(3),011,S521600,候隊,40,0,2020-06-03 00:27:33,平假日離峰：週期不變，調整時比(主要及次要時相達門檻),03,03平假日離峰(1-3)：週期不變，調整時比(3),自動
5187,2020-06-02 21:03:25.515,2020-06-02 21:08:43.568,大溪-動態TOD(崎頂),大溪-動態TOD(崎頂)-011 03平假日離峰(1-3)：週期不變，調整時比(3),011,S521300,候隊,40,0,2020-06-03 00:27:33,平假日離峰：週期不變，調整時比(主要及次要時相達門檻),03,03平假日離峰(1-3)：週期不變，調整時比(3),自動
5187,2020-06-02 21:03:25.514,2020-06-02 21:08:43.568,大溪-動態TOD(崎頂),大溪-動態TOD(崎頂)-011 03平假日離峰(1-3)：週期不變，調整時比(3),011,S521200,候隊,40,0,2020-06-03 00:27:33,平假日離峰：週期不變，調整時比(主要及次要時相達門檻),03,03平假日離峰(1-3)：週期不變，調整時比(3),自動
5187,2020-06-02 21:03:25.512,2020-06-02 21:08:43.568,大溪-動態TOD(崎頂),大溪-動態TOD(崎頂)-011 03平假日離峰(1-3)：週期不變，調整時比(3),011,S501500,候隊,40,0,2020-06-03 00:27:33,平假日離峰：週期不變，調整時比(主要及次要時相達門檻),03,03平假日離峰(1-3)：週期不變，調整時比(3),自動
5187,2020-06-02 21:03:25.51,2020-06-02 21:08:43.568,大溪-動態TOD(崎頂),大溪-動態TOD(崎頂)-011 03平假日離峰(1-3)：週期不變，調整時比(3),011,S501400,候隊,40,0,2020-06-03 00:27:33,平假日離峰：週期不變，調整時比(主要及次要時相達門檻),03,03平假日離峰(1-3)：週期不變，調整時比(3),自動
5187,2020-06-02 21:03:25.446,2020-06-02 21:08:43.568,大溪-動態TOD(崎頂),大溪-動態TOD(崎頂)-011 03平假日離峰(1-3)：週期不變，調整時比(3),011,S501300,候隊,40,0,2020-06-03 00:27:33,平假日離峰：週期不變，調整時比(主要及次要時相達門檻),03,03平假日離峰(1-3)：週期不變，調整時比(3),自動
5196,2020-06-02 23:00:08.934,2020-06-02 23:01:05.586,大溪-交通疏導策略(進入大溪),大溪-交通疏導策略(進入大溪)-038 停車資訊發布,038,X-68000-101,候隊,月眉停車場  橋頭停車場  皆有空位,0,2020-06-02 23:00:28,月眉&gt;0，橋頭&gt;0,12,停車資訊發布,自動
5196,2020-06-02 23:00:09.053,2020-06-02 23:01:05.586,大溪-交通疏導策略(進入大溪),大溪-交通疏導策略(進入大溪)-038 停車資訊發布,038,X-68000-102,候隊,月眉停車場  橋頭停車場  皆有空位,0,2020-06-02 23:00:28,月眉&gt;0，橋頭&gt;0,12,停車資訊發布,自動
5197,2020-06-03 00:33:12.83,2020-06-03 00:33:51.51,大溪-交通疏導策略(進入大溪),大溪-交通疏導策略(進入大溪)-038 停車資訊發布,038,X-68000-101,候隊,月眉停車場  橋頭停車場  皆有空位,0,2020-06-03 00:33:15,月眉&gt;0，橋頭&gt;0,12,停車資訊發布,自動
5197,2020-06-03 00:33:12.924,2020-06-03 00:33:51.51,大溪-交通疏導策略(進入大溪),大溪-交通疏導策略(進入大溪)-038 停車資訊發布,038,X-68000-102,候隊,月眉停車場  橋頭停車場  皆有空位,0,2020-06-03 00:33:15,月眉&gt;0，橋頭&gt;0,12,停車資訊發布,自動
5197,2020-06-03 00:33:12.925,2020-06-03 00:33:51.51,大溪-交通疏導策略(進入大溪),大溪-交通疏導策略(進入大溪)-038 停車資訊發布,038,X-68000-104,候隊,月眉停車場  橋頭停車場  皆有空位,0,2020-06-03 00:33:15,月眉&gt;0，橋頭&gt;0,12,停車資訊發布,自動
5197,2020-06-03 00:33:12.926,2020-06-03 00:33:51.51,大溪-交通疏導策略(進入大溪),大溪-交通疏導策略(進入大溪)-038 停車資訊發布,038,X501040,候隊,月眉P   橋頭P   皆有空位,0,2020-06-03 00:33:15,月眉&gt;0，橋頭&gt;0,12,停車資訊發布,自動
5188,2020-06-02 21:10:30.314,2020-06-02 21:23:32.988,大溪-動態TOD(崎頂),大溪-動態TOD(崎頂)-011 03平假日離峰(1-3)：週期不變，調整時比(3),011,S501500,候隊,40,0,2020-06-02 21:10:37,平假日離峰：週期不變，調整時比(主要及次要時相達門檻),03,03平假日離峰(1-3)：週期不變，調整時比(3),自動
5188,2020-06-02 21:10:30.313,2020-06-02 21:23:32.988,大溪-動態TOD(崎頂),大溪-動態TOD(崎頂)-011 03平假日離峰(1-3)：週期不變，調整時比(3),011,S501400,候隊,40,0,2020-06-02 21:10:37,平假日離峰：週期不變，調整時比(主要及次要時相達門檻),03,03平假日離峰(1-3)：週期不變，調整時比(3),自動
5188,2020-06-02 21:10:29.995,2020-06-02 21:23:32.988,大溪-動態TOD(崎頂),大溪-動態TOD(崎頂)-011 03平假日離峰(1-3)：週期不變，調整時比(3),011,S501300,候隊,40,0,2020-06-02 21:10:37,平假日離峰：週期不變，調整時比(主要及次要時相達門檻),03,03平假日離峰(1-3)：週期不變，調整時比(3),自動
5207,2020-06-03 19:44:48.793,2020-06-03 19:46:16.286,大溪-動態TOD(慈康陸橋_配合群組),大溪-動態TOD(慈康陸橋_配合群組)-027 03平日離峰(1-3)：週期不變，調整時比(3),027,S506700,候隊,40,0,2020-06-03 19:45:05,平日離峰：週期不變，調整時比(主要及次要時相達門檻),06,03平日離峰(1-3)：週期不變，調整時比(3),自動
5207,2020-06-03 19:44:48.971,2020-06-03 19:46:16.286,大溪-動態TOD(慈康陸橋_配合群組),大溪-動態TOD(慈康陸橋_配合群組)-027 03平日離峰(1-3)：週期不變，調整時比(3),027,S506800,候隊,40,0,2020-06-03 19:45:05,平日離峰：週期不變，調整時比(主要及次要時相達門檻),06,03平日離峰(1-3)：週期不變，調整時比(3),自動
5204,2020-06-03 18:40:01.89,2020-06-03 18:46:52.652,大溪-動態TOD(慈康陸橋_配合群組),大溪-動態TOD(慈康陸橋_配合群組)-027 03平日離峰(1-3)：週期不變，調整時比(3),027,S506700,候隊,40,0,2020-06-03 18:40:08,平日離峰：週期不變，調整時比(主要及次要時相達門檻),06,03平日離峰(1-3)：週期不變，調整時比(3),自動
5204,2020-06-03 18:40:02.138,2020-06-03 18:46:52.652,大溪-動態TOD(慈康陸橋_配合群組),大溪-動態TOD(慈康陸橋_配合群組)-027 03平日離峰(1-3)：週期不變，調整時比(3),027,S506800,候隊,40,0,2020-06-03 18:40:08,平日離峰：週期不變，調整時比(主要及次要時相達門檻),06,03平日離峰(1-3)：週期不變，調整時比(3),自動
5204,2020-06-03 18:40:02.14,2020-06-03 18:46:52.652,大溪-動態TOD(慈康陸橋_配合群組),大溪-動態TOD(慈康陸橋_配合群組)-027 03平日離峰(1-3)：週期不變，調整時比(3),027,S506900,候隊,40,0,2020-06-03 18:40:08,平日離峰：週期不變，調整時比(主要及次要時相達門檻),06,03平日離峰(1-3)：週期不變，調整時比(3),自動
5204,2020-06-03 18:40:02.145,2020-06-03 18:46:52.652,大溪-動態TOD(慈康陸橋_配合群組),大溪-動態TOD(慈康陸橋_配合群組)-027 03平日離峰(1-3)：週期不變，調整時比(3),027,S507100,候隊,40,0,2020-06-03 18:40:08,平日離峰：週期不變，調整時比(主要及次要時相達門檻),06,03平日離峰(1-3)：週期不變，調整時比(3),自動
5207,2020-06-03 19:44:48.972,2020-06-03 19:46:16.286,大溪-動態TOD(慈康陸橋_配合群組),大溪-動態TOD(慈康陸橋_配合群組)-027 03平日離峰(1-3)：週期不變，調整時比(3),027,S506900,候隊,40,0,2020-06-03 19:45:05,平日離峰：週期不變，調整時比(主要及次要時相達門檻),06,03平日離峰(1-3)：週期不變，調整時比(3),自動
5207,2020-06-03 19:44:48.973,2020-06-03 19:46:16.286,大溪-動態TOD(慈康陸橋_配合群組),大溪-動態TOD(慈康陸橋_配合群組)-027 03平日離峰(1-3)：週期不變，調整時比(3),027,S507100,候隊,40,0,2020-06-03 19:45:05,平日離峰：週期不變，調整時比(主要及次要時相達門檻),06,03平日離峰(1-3)：週期不變，調整時比(3),自動
5213,2020-06-20 17:32:38.632,,大溪-交通疏導策略(進入大溪),大溪-交通疏導策略(進入大溪)-040 停車導引(導往橋頭),040,X510720,候隊,月眉停車場已滿橋頭停車場    尚有格位,1,2020-06-20 17:32:54,月眉&lt;0，橋頭&gt;0,12,停車導引(導往橋頭),自動
5213,2020-06-20 17:32:38.63,,大溪-交通疏導策略(進入大溪),大溪-交通疏導策略(進入大溪)-040 停車導引(導往橋頭),040,X505010,候隊,月眉停車場已滿橋頭停車場    尚有格位,1,2020-06-20 17:32:54,月眉&lt;0，橋頭&gt;0,12,停車導引(導往橋頭),自動
5213,2020-06-20 17:32:38.628,,大溪-交通疏導策略(進入大溪),大溪-交通疏導策略(進入大溪)-040 停車導引(導往橋頭),040,X501040,候隊,月眉P 滿橋頭P 空,1,2020-06-20 17:32:54,月眉&lt;0，橋頭&gt;0,12,停車導引(導往橋頭),自動
5213,2020-06-20 17:32:38.626,,大溪-交通疏導策略(進入大溪),大溪-交通疏導策略(進入大溪)-040 停車導引(導往橋頭),040,X-68000-104,候隊,月眉P 已滿  橋頭P 未滿,1,2020-06-20 17:32:54,月眉&lt;0，橋頭&gt;0,12,停車導引(導往橋頭),自動
5213,2020-06-20 17:32:38.624,,大溪-交通疏導策略(進入大溪),大溪-交通疏導策略(進入大溪)-040 停車導引(導往橋頭),040,X-68000-102,候隊,月眉P 已滿  橋頭P 未滿,1,2020-06-20 17:32:54,月眉&lt;0，橋頭&gt;0,12,停車導引(導往橋頭),自動
5213,2020-06-20 17:32:38.555,,大溪-交通疏導策略(進入大溪),大溪-交通疏導策略(進入大溪)-040 停車導引(導往橋頭),040,X-68000-101,候隊,月眉P 已滿  橋頭P 未滿,1,2020-06-20 17:32:54,月眉&lt;0，橋頭&gt;0,12,停車導引(導往橋頭),自動
5206,2020-06-03 19:33:32.551,2020-06-03 19:37:55.75,大溪-動態TOD(慈康陸橋_配合群組),大溪-動態TOD(慈康陸橋_配合群組)-027 03平日離峰(1-3)：週期不變，調整時比(3),027,S506700,候隊,40,0,2020-06-03 19:33:48,平日離峰：週期不變，調整時比(主要及次要時相達門檻),06,03平日離峰(1-3)：週期不變，調整時比(3),自動
5206,2020-06-03 19:33:32.73,2020-06-03 19:37:55.75,大溪-動態TOD(慈康陸橋_配合群組),大溪-動態TOD(慈康陸橋_配合群組)-027 03平日離峰(1-3)：週期不變，調整時比(3),027,S506800,候隊,40,0,2020-06-03 19:33:48,平日離峰：週期不變，調整時比(主要及次要時相達門檻),06,03平日離峰(1-3)：週期不變，調整時比(3),自動
5206,2020-06-03 19:33:32.732,2020-06-03 19:37:55.75,大溪-動態TOD(慈康陸橋_配合群組),大溪-動態TOD(慈康陸橋_配合群組)-027 03平日離峰(1-3)：週期不變，調整時比(3),027,S506900,候隊,40,0,2020-06-03 19:33:48,平日離峰：週期不變，調整時比(主要及次要時相達門檻),06,03平日離峰(1-3)：週期不變，調整時比(3),自動
